orf	templates
MGNGVATVVVAKWVKELDAKQMDDVLNNRVPANKTHELSS	1
MAIAGFHGHDIGQVMDRYTLHAQGQIIAEGRAIGHRIGAGPVKVIHDISEMNRIEPGDVLVTDMTDPEMADATYIEPIHWEVVRKIIEKERPDAVLPTPPLAPAIISGIATLSYTVRSISKWWSWKIIPIWRRRNGGRRRRRQRLHRRG	1
MILDAFSLQGKVAVVSGCDTGLGQGMALGLAEAGCDILSECALNADLIDAQVEQLMTLAEKYDVEYDGWGTYYEDPNGEDGDDVSLEYIATVPKRGYKLTVPVIWCTEEGEELAPSMEALTPSPSTAVPAPPDRYDFPGPPFADGSYRV	1
MLFSHPGGNDLDATVVYGVNQDELRAGHRIVSNASCTTNCLAPMAKVLQDAFGITVGTMTTTQEAVFVPGVWGPYYSAMVPGYWLSEGGQSAAGADRAERTLPANSRL	1
MLTFVAPLSASPDSPGRIAAQIVSGIGFLGAGVIMRDGMNVRGLNTAATQTCSGLAPHQLHDAVWGAIGGYLSLAAINSDKSKPKISFALRSRLSLSLSNSQPYWPSR	1
MPSDEIPQSDRERLQNDVSMAADKISGFLGYLSQAS	1
MSITGIEKLEFGVDDLNHSAKFMRDFGLTGDAVLFSNNKLTRDELLSRFFPHYHPVASLSQSGLSGGSVIISDGDRRHVLRQPHDPSAATYYFRRQYRALRRLPARLAPTPLFYSPCWLVVEYCAGEVKSELPASPQLSGLLYDLHQQPRFGWRVSLTPLLAQYWQRCDPARRKPRWLRWHQRLRHGGDASNRICACRSCFR	1
MSNWPYPRIVAHRGGGKLAPENTRETARLLAKARMGVHRHRPAAKMASPLAVPAHQEPLITLQIRRLQGAVAKRGLFRQSRQAPASLLAQGIIINGSFIVRAGTIGIGVNHIAGMIGNNAIDHKFKAMKPQPWRMKAASGLFTESKIDRRRYGLRHRRHGAAADASAANAACAAPDRTSASTGPAVV	1
MKLKTMSAALLLTLPFWACAKDVTIIYTNDLHAHVEPYKVPWIADGKRDIGGWANITTMVKQDNAHE	1
MLTTLDAKALELLIEAYVEYRHHCDTLDREGYTYAVYSEDDSDEGGEREIRMIKPHPAAVMKADAWKRIRAMLSEFGMTPASRSKVSAKGPAEADPLEEFLKKRK	1
MTLPVSQLGMAIAPFDKPQPVLRVQPLVIPASGKLLDTLAALPAE	1
MGVEMTLLRALAFHPRKPLPEPTDVLFYEGLHGASVADIAREAGLSVGQLYRSPERPARYPEKASRWRWFPHPWCGLHPGA	1
MDFPAPLGPSRPKPSALSWLTTSLFICAGLGSSTLYWGVAEWAYYYQTPGLNIAPQSPKALEYSIPYSFFHWGVSAWATYTLASLIMAYHFHVRKNKGLSLSGIVSAITGGWASK	1
MARRPYTLDYVRLAFDEFDELAGDPGEKRHRHEHRTQHQRNGAKQGQPIVAADHLPHVLPVDFLRVDHQQDDDGDKKEHGQHSFRHPPAAAASVFPVWRVRRPNLR	1
MTTLFITGVTGFLGGAALEKMLNREHECAEILQQLAALPVSVSVSSVSAIHIA	1
MQRAAQCLLGENDFTSFRAVQCQSRTPWRNVMHINVTRYGAYVVVDIKANAFVHHMVRNIVGSLMEVGAGNQPAKRQHGVATGEGKQGIAETGWIGVIAARQLAGIDAGAHPVAFGDPDSSEILT	1
MFGPRDLYRPGDVILNAYDKRTEGWVFFNEIRRSYDYERLVNSIVQESPDMATEEWFGYGRLIFSEVSKKLHSLYSTVTMEEVKADLIDFRQHFEETRLRIVDPQPGGKVMQIVVHRQRGIARGARVFRRGFASPRICSPPRSSAGR	1
MVTFYRRYRQSALFGRGKTVGDPLTAHVKVRMVSLTGSIATGAHIIGHTASSIKRTHMELGGKAPVIVFDDADIGAAGFRLQKRAVFTRHAHGVAEGAEDHSRAAGNLNAHQFAAIAVCHPGAIPYPVIANAINFALGEGGQVDFQQDTVIFHVIKRLIVRGEEAAEGVIPGAFG	1
MKSFDELDNHAFLMDFQDYLEEFYARYNVELVDENHYRIAIAVAGFAESKMMLIMLVSVQLNLTPVSGRISDTVFLDDTLPLTGFMKSFGAIGVFLYGFLNRFLIPTGLHHLIWSPFVFTSNGGQLVKAFADRLGQGRQAGADFNHRLAFLRVKGINLAADAIDETAIADIGAVGERRGGKSLPTQQGNGCQER	1
MLITDKLSPQAFEEALRAKGALYHIHHPYHIAMHNGEATREQIQGWVANRFYYQTTIPLKDAVN	1
MRCAFFIAFSDHFMCVYRHLWADNHPVFLSKYVLTRGGLQRLRFHRLDLR	1
MGLCKPIALTEISYSKEDKEDSHTLVFKQRKSAEATIAKNEAALQNGSAKVEPVKAEPLQAAAREDVF	1
MIGNLTDAGERFVCLYGAVVVEDINEHPFRVERMLLQLLHSGVLAGAGIFNGVTKLVAQHLCACSFIKSDVTGVVNHTTGIGIFVVDPNRPSKQRCIHFTSR	1
MSQMVSEYMRLESRLAGMARIICARSGTTMPIAFSTEVV	1
MIIYLHGFDSNSPGNHEKVMQLQFIDPDVRLISYSTRHPKHDMQHLLKEVDKMLQLTADDRPLICGVGLGGYWAERIGFRSSRATLVCEQI	1
MQGTQRTYDVLKAYLMMTRPDKADEGWLAKNVLITWPKRQNVADGTWQEIAPKLLGFYAQNLPTHPEWKIKPDAELISIFLFTTLFIFVARKVAKKIGLVDKPNYRKRHQGLIPLVGGISVYAGICFTFAIAGVAVCHRHPFDQPEAEQELQEGPLSEYWTLFDTNDEVFNAGRTAQAATILAQFWFRRLR	1
MKQDVPSFRPGDTVEVKVWVVEGSKKRLQAFEGVVIAYEPVWAIGTGKSATPAQAQAVHKFIRDHIAKADAKIAEQVIIQYGGSVNAGNAAELFTQPDIDGALVGGASLKADAFAVIVKAAEAARRRKNAAQETRTPACRRSGSSDRPAPPGAAAFYCWPPLSPCTATGVTFSSGVSPPKLPCIAIW	1
MFMLLLRVFSFELRQQLFSQLLAAVLGIVVGAMCSFDFGGPVNKAAYAFGVGLLSTQTYAPMAARVSSTKPDSFRVSLCRATWMSISSALHSR	1
MDSSFGIRLHFRPVEKPAPPRVAAADGQKYLDENREKEGVNSTESGLQFRVLTQGEGPIPARTDRVRVHYTGKLIDGTVVRLHQGDYGQQRDYGSDPLPRLQAYAAAGWKLSSWSIR	1
MPRALNSVDAAIGYVSQFDAGKVPREKGILFPPAPRTFASQLVIGTPYLSQENIQPQAAIVRVTVADRVGGFEQHKQQREEKRFSDMGRSADPTLPVAEQRLSDRGTVVQGFLMMDPLIPHMRNVFLFAFLLCLSNFTQASEQTSPENIVYNFYKSYLKEESSDNSRFLSQYVSDELMKAFYYMGNL	1
MLTEEGEFFLLKVKPLIIALKNSVAEIKDYHNKNSGVVTLGIPPMISLFLFTPLFKHFRELYSEMELSLVEEGTFGLHQKLSHGDIDLAIVIINDAPEELVTVPLMTQQHVVCISDKHPLAKKKTIDWEDLQNEPLIVMKKDSWHRKAILNECEKRGVNTHIFLSSNSVKNNIDLVAKNEGISFILDAVGLKWE	1
MKIVRTADANQENIEKAYQTFNQSKGQSMYFAFIGNVKDTGNGNYVFNMYDVMETKTGRCNLTDALNNWNVSQ	1
MLEDKHVQHQTLVDAILARDAGLAVAPFITLTRANRAEAEQTLAALSENILTGCHRVARLLRRIMIMTEAMKITLSTQPADGRWGEKATWSINNDGIALHLNGKDDLGLIQRAARKIDGMGIKHVALSGEGWNTDRAWAFWAGYKGPKGQRQVEWPSLDDAQRSELDNRLTIIDWVRDTINAPAEELAMMQTPHILIVEDELVTRNTLKSIFEAEGYDVFEATDGAEMHQILSENDINLVIMDINLPGKNGLLLARELRSVKARCGALPARKIRRTSWSAR	1
MSPHWATGPDIAPTTATLISLAIAACDIANATMPATMVFAFLFMLQNPVRDVV	1
MFCIFMVKKHSVLLLNNAIFTIEFNGLAQFFTKKQIKTSIFQSIKQR	1
MLDVSDDLRAGRLYDKMRLFVDDMSAIGQSLDKAQAAIRGNISAEHLYKTPAPLMKPGYNQAWFFIGENTRDPATSRIFTHPSLAGHSAGHRALLLAGHRAAYALAEGCQQGAAKKGAIPEWPVRRRGLEAKLKGDAAKNQA	1
MRAIDHDRADPCLHFARDISQILVMIEVQGEREIPLFCQIAGDRHHVAGAGIAVGTGGAGKDQGGAQLSRRFNNDLHGFEVMDIESRHGITLSLSFEQMEWASCEYYAHYGKMMPDDWREQLQVPLVIHWPGTPAQEIATLTDNNRARAQNQDTFYVCTFWHCSFTPDYFAD	1
MVALDDGARLKKLMSILPVAEVWGVGHRTEKALATMGIKSLSHQVSFNMIAAMTALYGVGQIAGPLIGAGAAAVYRPAVGRNRPQAGDGRGGDGQRIAVGRGDPVTTPRGDASVMVVGEGDKVEVRQVTASQAIGDKWLVTDGLKSGDRVIVTGLQKIKPGVQVKAQEVASDDKQQAAGNAPSEQTKS	1
MPNFFIDRPIFAWVLAILLCLTGTLAILSLPVERVRLLIGPEGGLSAEEIAMTAQYQFTDILLGPRVLRTETTALTAIRFLKPQMPKSWHFIAHTHHWQPSGGDAACVWLSDTGEQVNLLVVEPGDLPAPALYAPPANTPLAGGSRPLRPESARGSPPR	1
MVAPDRNRSGASNSLTLESSLRTFTFENGDIAVQMGTPTDCVYLGVHWPLDMVGGLLAGMNILHR	1
MQYRTGEIKHRTQGAPLAGGEPFEQTQQVLAREDLLAAHQGPVLGLHPMFGPDSGSLAKQVVVYCDGRQPEAYQWFLEQIQVWGARLHRISAVEHDQNMAFIQALRHLSSEIIIVGVPERVSTSRVYRPWRRP	1
MLKKGTPENVDNWPVGTGPYALQQYKVDSQIRYIANPHYWEGEVPTKHLIFSITPNVETRLAKLLLKPIEGIERPALVTDDGECWFDSA	1
MARILAILNRLYPGQISDNVTFILPAQPAAGNAMRIVLSRQYGFGSLMLWLVYFMGLFLVYILGSPKNANSHFDTTTYQTTHMNGGAVMGEDPKTSAVNRSGDAAGG	1
MPEGPEIRRAADKLEAAIKGEPLTNVWFAFPQLQPYQTQLTGQRVTHIATRGKALLTHFSGGLTLYSHNQLYGVWRVVDAGVEPQSNRVLRVRLQTASKAILLYSASDIDILTAEQVANHPFLQRVGPRLEGIFTGGIGSAAGTGVTRACAIRSISIYCRLASSAPLSTDRCGYWAG	1
MERFLENAMYASRWLLAPVYFGLSLGLIALTIKFFQEILLSRCAAIYHQAWKWCTGPIPWPTSRESACARASAARVASASP	1
MSTSSVTDDTVAAANANANTAKEKLHQAQHEGEEQQLKAKKIAVIHDKDTYGQGLADATRAALALAQADSLEVGHGIGPVHHFHAWW	1
MKIAMGTQARSTGCRFALLLHIAEGDLFHINAWLLCCPEKITPG	1
MICGESGTSTWTQTVFGMACGGRAVVRFITINSSSSAPFSGSKSSKVCLCRWGRI	1
MGSYLDKKLRGIAVSRLRAGHQLRNIHIPCIAQGSKALDDMR	1
MPGDKAGHPDYRWAAMSRQQAEREAAASRVMATLEELTPRCEIYSIDEAFCDVSGVRHCRDLTDFDSSEEFYERCRELHANEADPEFMFQEMQDAVDQHHTRDLFHQPGEFLIGDHFGVHHQRRAAMAAVAGVLLVSHDRQLISESCNRFWLIDSAGRHR	1
MGKASAARITLRTVEALEKAQGMEAYWKTQCRGITDHCEELQARIAELESRTVPSSMTPRESVIWFDLHEDEQSLSAGIAAFRTGNAPAILQVYEVGTATMMASSGSVRISRTKQPSILMISACSQLACRPNAPSMPASSVMVSSTSSGP	1
MRVKIDLKATGGQRGGQVALKMQRYPRIARHKSRQHRSDMDMQQGDRTGDPDATARLGATRHRQLLRQVPEFAFIEDALDKLGCAGNGGLDRGLARRPSRELISAVSSPQI	1
MVHHHVEQNTYSALMRFIHQSAEIRFGPHVGVQFRPVLGVIAVVGVVREIALRAAADPAVDLLERHVLRGLGETRFYPLRILQRWLGLDGVAQALMTHGVVLDSVDIRDVRQSDAAADQFAAAEAG	1
MINSKAPAAMTGNEVVDAIEQSTSGSQKLAGPLIPLSQSLLLSNYPPAKRSIAATAAGNLLITLNVFEVAMTTFYSLKVARVEFDREALALGKLKLRTLRLRFSDGSLIDSEVSDALPLACDLHTLAVENIHFTKLKAGLLDLAVEADDEETFGLDKLYELYSQPGSAYWVVEQEGEVVGGGGVAMRTLSIMMPFSSG	1
MPRQKRATWSQSRCCSIGSPFDTSLPAAALSRPKAKIAEDITDALMKPYVDKTALAEVK	1
MMKHADLTTLTATFPLVQDLIALKETTWFNPAAISQHFIIPGAITIIMATRSAPPAAGWR	1
MAGVFPGFDRRLVSSLLNTWPEIQPLLVAMERESLTRQAGYAGILARLADVFIDG	1
MVDMTQLQAIYGGTFDPVHYGHLKPVEILANQIGLSKVIIMPNNVPPHRPQPEATRAIVFVRKRERVHELANWLREAGINTCWLEGRKGLKIKMPDTVPPNVSASFSALIPAIDPIRLLASSGINTRDRNKRANTEHYQRTDHKQKSAFQFAKATFGTLKI	1
MEGLEGYPVYTRKVYTDVSYLACAKKLLAVKLRNK	1
MLTCIGPPVCTGLREPNSFCPIGTLSAVRNVDDLTIITEINGREADSWHKEKLFSDPPDAASCIRSPGR	1
MNAGHNPEFTMMELYMAYADYKDLIELTESLFRTLAQTVLGKKAQSENSQPVVRPSWNDPVQITIGDREELHNLRQVSNRISLGFCYLTLRHSPRLSKAQARGEGYGTDLQNEPETPDDIDLPHPPHVAVVVAWLTVTIGAFPFFARLTENALDEVDYGRIEAILSMFGNVSSLSAIIGRNETLKPISRWCARAACSTSRRSTTRRQTTPSRLRNKRSRSRLANLTYRDFRSLYRRSKHQWNKK	1
MKRSYHEFCAVDDPYRFGPLLQDLDVWLLSEGTHLRPYETLGAHAATMDGVTEATTPYCYSP	1
MKSDQHNTILIVGASRGLKMRFTSGSGSEVQMGYAEGKSMLYLEARCIYITKAAGVQGLQNGSVSCIGVPSAVPSGIRAAWQQLATHGAREAVARALNS	1
MHKAIDKVDLTQTSAMMLEGLTRDNRHQKLLDSLGKQILPEWLTIEEHPHLLKGLVQLSEEGAVQVFRPISGLIIVKTSFLQRETS	1
MTVFRSISETMFKVTHMVMRYAPVGVFALISVTVATFGFASLWPLAKLVLLVYFAHDEASKTEGRDAVFTLRAS	1
MLAVSGVTIRNDLNYLEQQGIDAEKLTKVLYPNDNHQAGKKLRLMQQYFQCACSVMKCSTRAG	1
MRLLSHEVLDPGRLTLVVEGDLAACRKAEDVARMQELGLTGILLDLDDPKSVERAAAEVIALTDNRLPQPADR	1
MQEAARRGAQTIVVIRTVPSQMFYTPQWFKRMERWLGESSLQPLVNLVHHHETTYRAIQQFIEKPPGKLRIFEIYPQRPLRIDFEDPQLTRRFLDELLDGAVGGFVMMHQIDQRLQTTLSQPALHPLEPLRGIKHLRRDGTDHHDGLGAAAGRLLHRDRIADAAVVVNRPAQRLAEFSCVLFDMLL	1
MAWLRRCLEEKPAGPLQDIERHKLNAMGAFAEAQTCRRLVLLNYFGEGRQEPCGNCDESTIISQLVSRFAASRSSTPFSLMMMSCE	1
MLPAEVVSIELPRDTKGGAGHGSLIVLEGFLPAKSKGRRDTLKALEGDAEWEAKIIELAGHLECAGGDMAECLQVVQRRRDPRFRLRHEHDFYCRGRHKNGENYLFDIKDISDGGCALMTKTPNLKFLSHNALLKNAVLMLAEYGEITIDLVVKNVIVITLDNANEESESYYQISCQFKFRHLDDQRRIEKILLDLILEAKRKKRITRRTSSSS	1
MDNFPKYVNSGFYNNTTFHRVIPGFMVQGGGFNEQMQQKWFK	1
MARKIIVVTAAYGNDHVKSLGGQAAVLPFIANAGAYIGGPVAEGENRVVVGQHRRHARQ	1
MMSSEKTNNSRRDFLVKSMALIPTAEVPLTNLVRDEIIDEDDLPIKMIWNYAGNCLINQHSEINRTHEILQEQILIETEGECVGQINALSVIEFPGHPRAFGEPSRISCSAATWLANSEVVAFCRVACCLFRPYRPMPAAIAMAIAI	1
MAQHAADEVSPPGNLDRRSGLCRVRTPGRPAVDRADRRQRRGLGERVKVHDNHIDRRDTVLLHDTVILTATTEDAAEQRVILNQIAIAIAIAAGIGLYGLNKQQATRQNATTSELASQVAALQLMREGSPNARG	1
MPQFKVDGKMVLNDGENGEDIQWNSQREGFSDGYLRDDDDEWRFLWLTTADGRYRIAVSAIDRPGGEFSFILQFTVGGDGAIPRSAHLARVFPRTHGAFRVAGIPFAVHQALVVPEERSVYIKIDSKVTNRFEIEQLIKGV	2
MPQFKVDGKMVLNDGENGEDIQWNSQREGFSDGYLRDDDDEWRFLWLTTADGRYRIAVSAIDRPGGEFSFILQFTVGGDGAIPRSAHLARVFPRTHGAFRVAGIPFAVHQALVVPEERSVYIKIDSKVTNRFEIEQLIKGV	2
MSIDALYQRLTEERNIALAAKAMLKQSGCYSNTLMYCMYAEEFTLRAVEKSSASFPGIGKQYDCMPGRRVVSAPGDSL	1
MLGKPQTDPTLEWFLSHCHIHKYPSKSTLIHQGEKAETLYYIVKGSVAVLIKDEEGKEMILSYLNQGDFIGELGLFEEGQERSAWVRAKTACEVAEISYKKFRQLIQQLEYRLAEIMRGRLSERRERFGNAVTHLEAVSPLATLARGYSVTSVSDGTVLKQTKQVKTGDRLTTRLKDGWVESEVKQIAPVKKTRARKPSPTKPAE	1
MELDCPLCHAPLDVKGSSAHCAQCERVFALEARCPECHQPLEVLKACGAVDYFCQHGHGLISKKRVEFIPLV	1
MSWLNYVLLGKVYEMKGENRLAADSYITAFNLRPGEDTLYWIENGVFQTSVNRVVPYLDNFLSSE	1
MVTRLSQRSSLVIAAWGAPWRHKQLKQLSHLAHFVAGLTVQNVLVITLYTQLPNVVRRGVVGQLALFIQAAKLRGDALDHLLLT	1
MSRVSRQIVFLSDNIDIAVEYILLNRYVGGQSTEYSHAGLSGPVGALPGFADIKLKLFCFITIVLFKRLCPGEDQWTEGRHPLHGNPRGETNMTRIAVVRDPCRQRLRGVVPGCTPDRPRVNKQRGSQTIGGGIAMNKNAWSTFIGPGRHPVSSAYFWYVNSPTGGEVSMEPVVVITVISALLSGFVQHQFSGPWFGGLSGVVYALMGYVWLRGERDPQSGIYLQRGLILFSLVWLIAGWFDVFGMAIANGAHVAGLATGLAMAFVDTLHGRKRA	1
MIFEPQPLELFAADKAPARLTRLREKLGYLRISLSPSGKKALASLRIHWSFLSLMKSARI	1
MNRVTLTHYQNNKVVDFISEEKEKSDTHLNLPLIENSSKHGSDLMANFARAQQANILIRRCVLIARFEDTVSFYENLIAQKASG	1
MPQKYLLFGLVVICFTILLLTWMVRDSLCELQRRQGNIELVAFLACDIKQ	1
MISGILASPGIAFGKALLLKEDENRRKGEMVLIVEGFRGDSLLPLWMVALWLMFAVA	1
MNATILGQAIAFVIFVWFCMKYVWPPLMAAIEKRQKEISDGLASAERAKKDLDLAQANATDQLKKAKAEAQVIIEQANKRRSQILDEAKAEAEQERTKIVAQAQAEIDAERKRAREELRKQVAILAVAGAEIFRRFDAGGNRQAMLNGAFAAGASGGFRFAGRRRSG	1
MPRYYHHNNHLSYARQVSRACAAMVCSGLKALQACDFSPSLTCSVSLLASRRVDDIAPPLSQGWHSENAGEMDVGIERFIERDRGIIAVG	1
MASASSVALMSASLSVYNSGVYSNSRMLFGLSVQGNAPKFLARVSKRGVPVNTILVSALVIMQLAWGWRTMFVVIGLAGIVVHLTERLQKAAAEGRFPRA	1
MSPLAQVYSGHQFGAWAGQLGDGRGILLGEQQLAEEAVINRDKIFTPSTLLAQHILLY	1
MLLTLKVKAGNNAMDATMLNYVNPMAMNTWAMYARYPHIKQVGLFNIIKILLADSEDSPTTPFTPDAE	1
MMIASSISAVLSYSLHIQVPAPHGGFLILPLVSKPLMWVLCILAGSACGALMLGCWRLWQKRTDKATALAGAMK	1
MQLTSADICFDRQVKTKDEALQRFQHPYFAVHVAGAAQRVGHQRRTVETGGKHGGSIRHGSPPRLIAGRASYGPPKSQRVEAGALAGVLRKQEHELIENVFELDFEENLKIIRDCVKYNKRIIFPSIIALIVGEPTFGKGTVQQ	1
MFSATEKWLTTTESRRSLKEMSTSWNRLWFGGSHNRYEEFTRLLNGLAPKLMPMLIQPEPGKPKLTGIKLYVYGFSRGAAAARTFVRWLSELLPPPAAEGEKPPQCLQTGGMQLPVSVEFLGLLISVVAQLLLYRPFTEGRFANDQRNNRREDNALIVFHAVADDFQVLFEIQLEHVLN	1
MEPDGSLINRHCWICSEGNAMKEGEKPVDVASVVRQKMPASVKDREAWAQTIATATRVG	1
MLSLVARGQYQFTDYVRLIGEVGGFYQKDSYNNGTSYKLRHVPRRIRGHCTDM	1
MICDGASNSCAMKVSSVVSSAFKAVLMAMQNSCAGANDGIVCADVEQTINNLCRLVIKPMTLTDKEIISIMVAK	1
MAAGFHSFSGDGNLINFIAILRINIPGAHPGAEAAIGVLCGGVVGLVLKEWNNAGRRPVSVLSLGCVVIIIAANIVGMKRDGKEDHFHYEGGIKAFVEYLNKNKTPIHPNIFYFSTEKDGIGVEVALQWNDGFQENIYCFTNNIPQRDGGTHLAGFRAAMTRTLNAYMDKEGYSKKAKVSATGERVNQAIEQLGFVGQYRGIQQDRDLGERHAIEAVFIAVGLLADLGPEPDVFHAVRHLHPQLIRQPLMVETTAVLPPAANRTARRSCALAYTGRAINKQYAAALDPAPASALRSGYFPAPFQG	1
MPEALECWDEKLVKALLPRMVRSVYSMVHDELEKEKNLVAFRGYSCDTATKLSLRCMFVREGGAEDNPQAVADAQPIRVEWDIEY	1
MKFRTNKLSLKIALAGALLAASSVTRRPAACAWAAASIVPSLLTIIAY	1
MGHYDEAIRYIQAQSEHAQELLDFISSHFHSPTLCGLLLGKATRAQAGDFMSLCKNAELIEKVRTSYEIQNKQTQP	1
MQQAGESGRRDSLQIYQQWFNVGEGGKVSGNDAGRGDIQATEQRIALLEDDNSPTAWLSRLRESAMG	1
MQGGGGKGAEPLLKMSWRYKQPDHPESEEVAKENNGYALADLADRLPVGIGLGEEILGRDTGDGIVPVAHLDRGEADIDHRAVGAVLPGPVVGRDGRLMAPHVNLWVVARGINIGLNTRRFVGGQVFLFLSNRKNNSRRDVKRYGYGY	1
MMRKNRIASAIVLLAPLCYSTNLLASQLTVEQRLELLEKALKDTQKELKKYQDQERKRDQIWASWSPPQ	1
MTSYERFKLLADLRATSVIGFNKEPYKLYDHSIAFLITSTFEAHSSSILRSVWNSRGVSICVDFEAMASSVRSSCRRRASAGHSLCERLRRVKIGGSAAPSGCANAPADARWLRDLQQRGAAKPFSVH	1
MSEQLTDQVLVERVQKGDQKAFNLLVVRYQHKVASLVSRYVPPGDIADVVQESFVKAWRALDSFRGDSAFYTWLYRIAVNTAKNYLVAQGRRPPSSDVDANEAENFESGGALKEISNPENLMLSEELRQIVFRTIESLPEDLRMAITLRELDGLSYEEIAAIMDCPVGTVRSRIFRAREAIDNKVQPLIRRYTRPGCRFRRIWRWWAILNSWIPISMPA	1
MKIEPREFSPREVMNHISANYLPLVVRKQLGLYCFIEPGHGLIGIVPIHHPAHVFHAGMDIGIQLFNIAHQRHILRNLQPGLV	1
MTEGALVQNGQTTALATVQQLDRQHPRDFYDVKLLLDAQELDRPIFNGFIVYLLSHNRPLAEVLNPRWKDIAEPFYREFSGMTFETIALEELTAVPNRMIAALKSCFTQQDVDFLLSFKRGEPDWRLAPEMRIQDLPAVQWKLRNIHPSSCFYCAKYTAICLIFSGRLTASYATG	1
MSALQSRTNPPGADRAACEAVLIDNLRYAAECFARHVSSHVIFLHQGKIEEEGHPDALFGAR	1
MPTPMSNPSATAKPISRMRSDRMFGTWCSNNVWRQLSGGEGADELKDFPVYGKGLAPSTQYDLLIHILSARHEVNFSVAQAADTAFIIHDPQKFDDDIYWSNPFFGYCILGFERLLKMWFTSLRSNS	2
MPTPMSNPSATAKPISRMRSDRMFGTWCSNNVWRQLSGGEGADELKDFPVYGKGLAPSTQYDLLIHILSARHEVNFSVAQAADTAFIIHDPQKFDDDIYWSNPFFGYCILGFERLLKMWFTSLRSNS	2
MPLWIRPQSFFQTNPAVASQAGVSLYQIDPATYQASYDSAKGDLAKAVRIVQQSVDRRQMSHACDTAHKQQRSQHYPDADSDHHVKQHR	1
MASGGSNLAASNPALASLDMSMRSQLINLMLELQEKQGISYIYVTQHLGRRDRYAGSAG	1
MASGTPSILFGSSDCGSAPLLRTRVCFSTARFAQSSSPPGTLMLPGIVADLKAKGLAQRKAQDVVKNNEQLDSQR	2
MASGTPSILFGSSDCGSAPLLRTRVCFSTARFAQSSSPPGTLMLPGIVADLKAKGLAQRKAQDVVKNNEQLDSQR	2
MTGTAKSAAINVKTGLNIIYSSALVNWTKANYLRAETITSANARLVDFQATLPLAQIWGGGEVASADGMRFVTPVRTINAGPNRKYFGNNRGITWYNFVSDQYSGFHGIVIPGTLRDSIFVLEGLLEQETGLNPTEIMTDTAGASELVFGLFWLLGYQFSPRLADAGASVFWRMDHDADYGVLNDIARGQSDPRKIVLQWDEMIRTAGSLKLGKVQVSVLVRSLLKSERPSGLTQAIIEVGRINKTLYLLNYIDDEDYRRRILTQLNRGESRHAVARAICHGQKGEIRKR	1
MLFDVIQQRAVKVGNVVVIMCILHVLIFRV	1
MAKKVQAYVKLLVIFGRDDNDLLLAAPEADDAHLSATLEKVGLEKLLQDGGLNGWLGGEGKGRALGVGEVKFTGQVLPTAKKVTYRIHFKRIVNRRLIMGLADGEVLVDDRLIYTANDLKVGLFQDTSAF	1
MVRVNDGPFADFNGVVEEVDYEKSRLKVSVSIFGRATPVELDFSQVEKA	1
MIALGTVIRGGTAHFEYVAGGASNGLAHVAQDSEIPVAFGVLTTESIEQAIGFAFGAIDPVQFSHHLDDRRVRLQQ	1
MQGNLVDIQTQMLQLQAGLIVEQRAIDDAASVRQLTEIDIFGDGH	1
MAVSPNHHNDTRKHHRDRKNLPHADVLHPAAGELGVGLAVSGNEFGATWEEYQGMSKEEIATRRERAADKLYAAGIHVFLATPSGARPAWMSQRYPQTQAVVDTVERVLAAKEMAAKVSPTETECSRMPSGSTLF	1
MTPTLISAFLTYTLITALSGFAQGQSTQLVLADGLIDASAQKPELIIDAATLTGAAVLLLWIPIRQMPGLGASPS	1
MDPDPANAGARRLAVLTARGIILAARLADFSQTTLLLPADPSETQVATLVERLHALPYRVCIVMVGRSEKIRQLGLDMARIVRGQTLSLKRKFICEYVTIGALSAIPEASRYF	1
MVNERLVAERNAKYWDNAHTVINKVTYLPISSEAADVNRYKAGEIDIVYTVPINQFAPVRQNHFVAGGFQHQRRRPRRRSR	1
MKVGSKIDTEGALLGKRAEILGGIAVSHTPTIGFAVDHHKQQDPAWAPIFQSFEPLQRWLEVPV	1
MIIPWQDLDPETLDNELLNELSRSSEMQKTWESYHLIRDTLRGDTAEVLQFDIVAVSKIFLTCLIQ	1
MARPEPPETSFISRSATPWVMSALATLSARCCDRRIFRSLLPVLSNEFGVSPASSSISLSISTAMKGKAPYRQVLTHGFTVDNVVAKAKGLL	2
MARPEPPETSFISRSATPWVMSALATLSARCCDRRIFRSLLPVLSNEFGVSPASSSISLSISTAMKGKAPYRQVLTHGFTVDNVVAKAKGLL	2
MLNNIRIEEDLLGTREVPADAYYGVHTLRAIENFYISNSKISDIPEFVRGMVMVKKAAALAAPEGTLSVHILNQQTGLPSPGVQIELAVRPDSDPHNPLLRDVGWNYLKGRLRSHPDVAERYYQDVFRERAEQLMRYKGMLWIDGEPIHQLTPPLIAQLFTTLEACEEQGLMEWDLCSGNLLVDRLAAHFEHHTGHDLNIRRYYRQFDY	1
MNSPNTQNIQYSVYFLADDYFLNRPGAQDHMLMIANISKLDHLLHCGYEKIY	1
MVSTLVGSAFNTYWGALAVDLSRSAAKGREHGWQEGYRWRVSASKSFTSDTRMLLSMSHSNDGNYRSIRDAAAARQLARHENIVGIKDSAGSYDSLKGFLDAVRDIDGFDVLNGPDSLIHQGFVDGCSACISGLANVAPAEINAIWSRFHAGDIAVMDEEGFLRIVDRKKALAYEREVLGKFDKTAQ	1
MAEVAHVGEDHGDAVFVSGGNHFVVTDSGKGMSDEELMINVWEKNNEVIQTHPLVGWDISTVDSYDALMLRLHYQPIIDITEGCSFAFQPIVDPFACEIISWEALLRTPDGQSPGAYFAGLTGVDTVDDDLSGIGAAFLGAIAHWYASRFNSDIDPQSVVYGPSVIYMVAETPPSSRPARRSRSWIKAAINVSAAAAKNPAGYGLTHRSRQRPRRWDKSGRTYAHGDGCRYASAHGRRVRQNDGTDTPARGRSLPAAD	1
MVGTGLPHWFEMACLLVPLLFILLCWLPLASRFTHHQQPV	1
MIDIHSAFSQHLLQLTVTDAVFAVPAYGPQNDVTLKMPAFEWVHVQLHQQKGMISLSPPTICNSALFRSERVYCRGEQ	1
MKRIWGVTGDSLNGLSDSLNRMGTIDWMPTRHEEVAEHANLETHFIDSSGLISWDMFKQDADYPFVDWSFSGTTEEEFATLMVLPLVVYPNSGEHYDAVSKTWHHHGLYCKE	1
MPFLKAVIYPWRLPLAGVGDPIFWGTVRPVFAALGAGIAMSGSLLGPLLFFILFNAIVDVLYAVIDPKIRY	1
MQKRQRDFYNYIVVFLEWHLNTLSGEAFNKLFQDVKLFISSFDINNEDFYDEFILSAYRRIADMSAEEYLFSLKDRVLNELEDAQRNILTLQNEVEEIKQQLQQKDEMIASMNRENLAIKADNKILENYNEELKTIQTKFLKLLSSKD	1
MAATDCTRSEAKAAQASCHQHCRTAILMLVFSAKSALTTISLNRLTRVN	1
MNLGTVSEERRSVESYKFNGWELDINSRSLVSPNGEQYKLPRSEFRAMLAKTPPGAG	1
MTGILLAIARIAGETAPLLFTALSNQFWSTDMMQPIANLPVTIFKFAMSPFAEWQQLAWAGVLIITLCVLLLNILARVIFAKKKHG	1
MNSRQRGGEAIHLGFCHQGVEERQTQIGDKGVQQFAGGAEIRHIKGQNTQQAKRQGADQQPDELSFPEELADSEKYSNFLCTAAWKCNYQYALENVMDPMHGTYLHSSSHSMAEGDRKADMVLQPTKTGFIFEKKGQSGVNFDWVELGNSGAYWMRLSIPYKKRFGPGGHFWIVGMVARQDNLLPMKNKTVAGDAIGQWQHRKHAAGG	1
MRRDAAEMLPDQQVRQRRLVFVDVTVDGSEHVYPMQIRGGGFSPRHGLLNRIGDGEGYPQAAGTVNLRLADDARNAVRLGADGIVVSNHGGRQLDGAIPTARALRC	1
MTFHLQPGEMAFLTGHSGAGKSTLLKLIEGTVAAVPPQGGRKHPQQEFLQEHVSILAMNEEEGEALTGFADPLYLFRVWDGGMSFHGGLIGVILVMIF	1
MQQLAGLQDVAGAGVGDGKKDIIEYTFLSSTPPSTCDQSDRMSNLDNSPTLTFEITMHDGKSIDAAYMCTSIGISKKSHKGLKDIFCGPKYILRWNGDEYDTE	1
MRTETFYRSVVTPHNGSEVSRLSAAIHTFATRHISRGANLFWLASHMGHKGPELLFRHYGRYLKEYDNSTSNTSLKKNLI	1
MARADIFDYIEVFYNRNRRHSHLGGVSPEAFEQASS	1
MAGMVAWLAGPEASFVTGAMHTIDGAFGA	1
MSIPWSDSSTVSYNAMVSHNDNTHRVGYYDRVDEHNNYQLSAGNSSRGVSVSGYYSHEGDMARMSANASYQDGRYSAIGLTMQGGLTLTSEGGAMHRSGMMGGTRMLIDTEGVPDVPVRGYGSTSRTNAWGKAVISDVNSYYRNKASIDLNQLGDNIEATVSVVQATLTEGAIGYRKFDVISGAKAMAAIKLADGSEPPFGATVINKRKQETGIVNDSGNVYLSGINIVDNRPGSGDVKAGEIQITALAGVGVLQVFVIRHHSSFSTTGSRAKRSA	1
MVSSWTVVEDIAAGRLIELFPQWRPASLPFYARYYATDAATAGKVATYVNFTVVYP	1
MTTFTIAMTMPDILINTENIFLNRGICELLSEIAKEEHIREPYSVVDCSTDILDPIDMLFTEMAAGEHYLCHPFFKKLPPHTSIFIFVATDSALQVEQLPLCLRDATFISMRYGSGIRQAGRLSLQRLLPV	1
MKRFPLPAGRPLSLLFSIFTTGRLMPGVAALAFGLAFGFASEEEFSISL	1
MKMTLTQSIIINKLSIDVKPDLDQQGRVVYLPNPERKPYAYLNDSTELSIEENTMELYLDTANAIQLRRNFEDSPMLYVPEVYPDYCSESMMVMERIYGITAKERTDVDVWHPEVRFFERQEIKDALSYLRLIANRNDDAAFERVVNTPTRGRR	1
MLKSGKMIATIFHADMGKTLLYGGNPVLFAKIGFEDACLDGVARLQRHVAENSG	1
MIFFNNAGFLNMCGHGTIGLIASLAGTGDVCIPGAS	1
MTLSQALANVNVKCDFVSVPTHPTITKLRVLSRNPSLEASAIDDIYWGCVQQTLEQGFIL	1
MYTQKRIPIHEGAAKVARTTRLLSNTQVLRVKALEKDLTLHDGDGLFLIVKTSRKKLWRFRYQRPATKQRTMMGLGAFPALSLADARGLRADYLTLLANGIDPQIQAEVAEEQQQIALDSIFSTVAANWFQLKEAQFPLRFVEGMRVSDGIR	1
MILPAEWNGLGLPQRVQPLGQGGALIGELLLMLVGGKESSSASTVNTTQIDRKIVLQL	1
MIREERLLKVLRAPHVSEKASTAMEKTNTIVLKVAKDATKAEIKAAVQKLFEVEVEVVNTLVVKGKVKRHGQRIGRRSDWKKAYVTLKEGQNLDFVGGAE	1
MEPFLLSTSLLAGLGGILLFSIPAAILAPAAHAADWLAWRRVGEATLTWGPFTVYHSQLRTPNGRYDGPQQDRALIITGELDEYLFLAARNLHKVDVRDANGIDPVSLIAFDKVVMTADAVKQVEEMLA	1
MSKCNQKINLSTLLFRDFFKHSDLIISSYASSVQEIPDNKINKASKNK	1
MMQQAKCNVMSVGIFSWAKLEPREGVFNFDWLDIIICFCSPY	1
MLKKVWDDNGLTSSNSNLNQYLSMLRDFRNVFRNRIFLLGAATLSLSYIPLMSWVAVSPFDQNT	1
MLIRLWLDKVQDKGNFRSMLVSQQDENSNPVPSALQDCHCPSGIARMAKKQLARRVAFVEQHGMTEANMRVRDVVRLGRIPHHSPFSNWSTQDDEAIAIVLEKFKTYGLRIEE	1
MSLENASDEVKLAVDRQEENEARAEAALILRHTL	1
MIFISVLFPAPFCKDSILEAIDAGIKLIITITEGIALGFISYCVMKIGTGRLRELSPCVIIVSLLFVPIGVGVMQYWDLLRALPVDIEEDIDAGRQQIVNHQHFIARRRRVAMRAYRGPSGAGCRSGNYQCRR	1
MHIAARQVQDVDPETISADDDEALVNYILRYINSQYNYNLLDENDFTRRAGIWRIRRFLPSPP	1
MFPGISAYTAMISAVKISHFGYSEEMMILLLSNFLKASSIVGALSIGLSIPGLWLYRKRPRV	1
MLYTGLVLLATERNLLTLNRASAEEIQDHRCAILNANH	1
MSETATWQPSAPIPNLLKRAAEIYDLFYNRMFLDPQWRKEGNGYLLSKSRFLFMAAFRERFNEKVVAEMRGVIDEQGYSPFWESLGKRFFVAFQFETEGAVKRHVIDENLPYQFQGCFGSKFRHNTGSIR	1
MLAQPLQATALYCGMKWLPPFAMHCTFICDDETLQAQGKVLRNHGRAKVIHQRSQDSGDPFHMRLKSHYAHKADIAREMAVRFEPRLR	1
MRSHTVAAEGGSAAVAQDHDSFEYHFHDTVAGGDWLCEQDVVDYFVHHCPTEMTQLEHLFHAVVPAAGLGAVAFMSLLFGQQILDSAVASRSRQPPFPVCSANRDCYCFADGTGRPYAPLRQRKLCLTGGGMASDTDRIYIEILETVLMATLDPDLWKSALQKLAFLTGCAGWYIYRNLGSNLTAISRAMSALCA	1
MPPAIYRLTEAGQVFLNWSEAITREMKNMVNEMNALTNSAVVEDWNSAFGGRYPFKNTSSEVSLPLWAHDMADMAGGELRSRDGGIIGEATLDFISQFRLDFGILGISGVDSDGSLLEFDYHEVRTKRAIISGTGSQHR	1
MTPGTLRATTSICPAMASRSCSLAAITPGAAALAYGLDKEVGNRTIAVYDLGGGTFDISIIEIDEVDGEKTFEVLATNGDTHLGGEDFDTRLINYLVDEFKKDQGIDLRNDPLATPHVYLCCDPVPEMIARLVRTS	1
MLPFNPAGAVLIFTHFIAAGFQIDNAFFPLPVDFTAAIKIARNVGIHFDASGFGLGKTINTSGRKRTTDCRAQYRYG	1
MLFTARALLILDLLEEVIAFIINEPQCVFRQIFESTLRQREITLENTIELWSIESIKQCVAGNLGVSFLPRFAVEDELKRGTLVELPFSETPLTIHALCAHHAGKAISASTAAIPAVSAVS	1
MCAEGKQRRDDDLKGVQRIVQLAAKAVLFHQIGQIDGGGGNHLHIHRDQAPGVTQEQHP	1
MAVVESVQRAKMLANNIGNTAFRRIGRVNESRQTAVSQISNRKSEDKNNQQRPEAGGGQLTHLVVAERQIVAMLFARAIGDDQRWPRIGFRFLNRFHRLVQLRAQRNLRHINMTVHHHADAQIFTRLAFAMLAKLSHCSQRGGF	1
MARSAAGKAAFIRDLAMHIRAYRDSDLPLLCQIFLRAVRETACRDYTPGQIAAWAVMR	1
MQGIGDSFTQNHLLFASLGKPPVPFGVRSLGSLLGKGIQKTWLDPQLERQLLLGI	1
MTVRAVPLPLRQQNLQILIPELIGYLAQQNAFDVGNIAQWMARNLTADLQGTWPWSEADIALLARAQSNICSACSTI	1
MQRLFDYLTDTGSLPRINAIASPFAEYASLDELFRQT	1
MVMGNIADYFHLPVSSMSNTFTFLNAGILISIFLNAWLMEEGIDSLSLNPDTVVQTWLGLAEQLVE	1
MDIVGFDFRCHFIQRQRTIRRGAQLNQFALHPLRIVRAMQDIVNSDVTLTVDMGEIPLMTDNGTFVINGTERVIVSQLHRSPGVFFDSDKGKTHSSGKVLYNARIIPYRGSWLDFEFDPKDNLFVRIDRRRKLPATIILRALNYTTEQILDLFFEKVVFEIRDNKLQMELIVEGCLSRLLVKRSQTDVDTARRLAEDILRFAQCRMGGALT	1
MVFPYMTHLLAAMLLGALIGANGAGKTTLLGLLGVSTREYQAADDILTPCREAG	1
MAEMVFGAGLPAVDKPRIVNRRAAGKARREQVDFGYWYCPDGRDAMTQSQFEDVEVKPQVYAGLFPVSSDDYEAFRDALGTIRDIIEPRGALRLGVPQSLSEIALPAAGNAPSIPQQSSLF	1
MNATANAMPTPSSPTAPILSAVTPINNENKKLAIQILEYFDRIGFTRRRGNDHILRDKALFR	1
MLLALTWLTVSLTVTLFSSGVNIPRLSQPLAEIKAVSIARWRNVRAAALHVLGDLLGSVGAIVAAVVILTTGWTPVDPILSVLVSCLVLRSAWRLLKESLNELLEGAPRSLEPF	1
MFIAMKDHLDLPALRTEESNIGVVVGRYDVITFGAQFGPLAATLSLAVHQMARVQLRLSVLRGEFDVFLTTPVFHSQLIVRRRAPHVPRMILAGNMVRML	1
MIRDGKLTGDYLHTSAIIVGEGQVLSAVNDVNDYAGPATGYRLQGERWEEIKNIPGALDPNELG	1
MQFSPLRKKAFNSSVPLTISSEGNIPPMDWPRAAILLIESLITEREISVVDRGRR	1
MRLPFCVSDVIPAVVRQLNDNAGAGSVVHYEPSNVLLMTGSVSDVEQLAPKLTRELWQEDRGTVLLWGGDPATPADADWLAALRKLRRRAVDGMVWVTSGLDGMPATENSATSGLTPDAMDSVSHALKLRYEALGWKLPLYVWSLHPRAGGILLPAPAVHHADFALGD	1
MQAAITQLENALSIAKSLSQAAEVAMILSISENTVNFHQKNMQRKFNAPIKTQIACYAVATGLI	1
MHVAQHPAQQGGHNDRDQYRGVNVARRQNRDDKEAQHAQQYFQFTLLSTSPLRVRIWWAGGVCRPGQRSAIWHKDRDRAGVNGPAAQCCASRRGSCPGRCVTSAYSTAWICQRLDDPRWRHLLRELSWLLSLKQNPLSLPDFSPSCGDNARTGQGATKALQYAPWNAKFTLYISPRFGYLLLSMSKSMTKKLHIKTWGCQMNEYDSSKMADLLDATHGYQLTEVAEEADVLLLNTCSIREKAQEKVFHQLGRWKLLKEKNPDLIIGVGGCAPEDKIIFPQQGFLGFA	1
MGDSSDNIPGVPGVGEKTAQALHAFDGNACVILNNNSEQPIGTRIFGPVTRELRTEKFMKIIV	1
MQALKYRQLLAQRRFRSRQVVHKEPRRQSENNQERHPDPRGVFQIQHRAVRLLATVTAKNGYYAMLALHDKQQFYGLAAILSVITLVGVLFI	1
MHAVGDCAIVKQRSKHVLHGNEHGVKALHVEECLLLPGEGGVRHIFRGGGRAHGE	1
MRFGEEVGPCSARLPGFKLQAIAHTAGVIFEDLAGSGAERQLPDFTVNAAADFLVEVDAIGGKHGEAKGLFAFKAMIKRPLWHGDILDHRINTRREIARFGQHFKA	1
MDQGQSARLLQAAKAAEMPLIDFAFKTTLPISIITG	1
MTQLALGLDRDSGVVSELFDERNDAVKALLSMAIRAAKVAPMQSFSLGKRRKKRDGWLAGVTWFRNDYRNKIEAGYAPVYQNNKGTDLYQWENVPKAVVKNADGNQHRRPDQ	1
MNTKHESAAEHHAAKRHWLNSHEAGYHKAMGNRQVQMIAIIITSP	1
MQLYTLRSEKNWGIGDFGDLRAMLPQADYWCWYTRPARVKPVKEPQYG	1
MWHAAQIREAIHLYGPDYGFDTTINHFDWEKLVAWLDANAFDGADATAIAQMAAYYPQGAQRYAQLFRQRAAMSRSR	1
MFFQYVQRMLDLYVKMGETYQLLDSYRICNYSGGLGPKQRQGDFKSPEGFYNVTRSQLKPDSRFYKAINIGFPNAYDRAYKTDPTSAFGGIIAFNRDLAKLAAGANKLPAVLLTTRKTTVNAPLSPGSQSRPGFQALAHTVSLSPLVYPLSAPPAGFPSPAR	1
MEERVKTNYDHPSSMDHSLLFQHLQMLKSGQPIELPVYSYVEHTRTPNTIHVEPKKVIILEGILLLMGIDHFLDMGRSAINVLGTENPLAALKEDKPTAKETPYEPMPENLDAIETQAKGVH	1
MFNEATVLHHRYVMRQPRHDAHVMRHQQQSQTAPGDNIRQQGQHRGGEQRPAAHSQHTDSQECSGDVIFFV	1
MKLKTTLFGNVYQFKDVKEVLAKAKPKVFAKGLAVEPGRVGVFHTNDAIYR	1
MAHFAERAGVAVIDEVSIRAGDYIDIGTPLFGGSVVPVTVKSLAFPS	1
MLEALTVFRPVDSVRTGTDNRHAVVFSHLVHEVTSPQAFDGLREVEVIYRSKACLIQRDGEETGYVDG	1
MSMDNVVVTLDRHGNTSAASVPCALDEAVRDGRIQRAGTMSGGEQQMLAIARAVCQRPELAAALRRNKLI	1
MFQDIKRICQSPTEEDKYWFPDIAGSDWLETLHFAMRDFKDESFISQFLSPKIMRDFRFFTVSDAKEARKSVFYATGFMGYFYILTYAYISASGSILHHTFSELSLKVPARAAGFGFALLGWVGSEMASGLDPFWRPDVVHAHDWHAGLTPIEAQGNRIKRGDAGKTFTDLLHDQTSGGAFPARMLINHCSSPYPNCLYTAFASCGPFTGTTGIKVCTGSFWPAK	1
MIDSPGVREFGLWHLEAEQITNGAIGLNDIPQQPHLIGQTSADNVARYFAGQKLPVQTFIPVVPVKGPQEAKAVYKQLGYGELQ	1
MNRIGMITTIITTTITTGNGAG	1
MNFSICPISAGLRIFPLPFPVPPFDVKIYAHQRSGKREATRWLISLLQTLVGQSTAS	1
MVKKVNRDNITLDLGKLLATVAGTGHPLLAVREYQQGRSLVWTSDMSAHWLPFPRAEAYGASKAALSCPLIVGLSGASACTLPLGENTLPAGKRVRKRWTAPPASATGR	1
MDKTFAPLLRLTGDKAGGTGDSQLSLQTYLTRVTRVRLKLQQVTNAPDPQEMTQQLASVPGTQVGKLPLAQVAFNDAIERRDIG	1
METPKKSANASVLLPCSLPFSEVRTPEGAFTHTAYQIVPYESYVSLAEGFATYAGFREAFHIAGFEPEIVTRVNDKTGFINMATGAAPFDSLSVADIGDVPINTYSLLKSVQIIEDYYTGLNSYPLIPLTLGGDHL	1
MRKEDNYGLSIVFRDSAARDQAISYLSPRHRDLVISSQGDNSLKAVMTDERLNLLGAERRCVTHAFHQAGLKIFANDQLG	1
MSEQIIDWDLALIQPGQVVIVDGSTTTATHWRCRS	1
MPLVPPPIKPPPSTATLLSGPGPASAPGSFFRSVLAKKIDRSACDCGLIASSPNARASSAYPLLQQIQPENESSVSWVVGIDQTLVDIEAKVDEAFIVRYGLSAGHSLVIEDDVAEALYQELVRNNLITHQFAGGTIGRSEHV	1
MLILTADHGCDPTWTGTDHTREHIPVLVVFVTLALLYRGIMWLMGHSEKLEDVTKVARNQSDPTMFNKIAVFFE	1
MSPLKFGLPMAEQAPARKAVIGADRQVHDRVANEAGEGGEGPGKGAYLSDKRVAVQALSAIRRTPQFC	1
MAAGVQTMAWVSSGLSPKKVAIQIRSANCGAGG	1
MKVHTSNYSIEGFTKAVDEAELAAIGRSGRMLFLIATS	1
MVYTTWPVPQRMVSVQVPASVLKLHPSLVIIADKAAEGLVQALGFQHEGSHRSRQVTLWRNGETRVKPGDVVRVKVEHADEYDLWGTRV	1
MLAMRHYKRSQTVEGVIRQTVNLERLGAVRPQYFTTHRQHSRQLDQRILFVITFIVRGIMYPLTKAQYTSTAKMRMLQPKIQAMRERLGDDKQRQSQEMMALYKAEKVNPLGGCFPLIIQMPIFLALYYMLSASVELRHAPFILWIHDLSAQDPYYILPIIMGATMFFIQKMSPTTVTDPMQQKMAAGESPAAEMSMEVAQMLFLEAENPEKDIYLYINSPGGVITAGMSIYDTMQFINQGGFVETKSGAVHHFQDVAGIVFDN	1
MATSGVILFGIALVFIEIIRGTPIVVQVMFIYFALPMAFSDLRIDPFSAAVVTIMINSGAYIAEITRGAVLSIHKGFREAGLALGLSRRGLYAAGGAAD	1
MRNAFHHTAVAHEGVGVVVDDIVSRTVELRRQGFLGDSHPDRVSDTLAQRTGGGFHACGVTDFRVTRGFGGTRQVLLISQRIQRAARYKIEMQRFDQPFFVQIDHRPGDTAEAEDDNLFGPQQVGIAFAMVRIDDRDQLAHLVGFRQL	1
MNENNELVAELAKRYDKRYIVDAKYKANTLRKLAVTRPNQVWVTDITYSVPGVQGGHGCLNEPRVCLEY	1
MIPLSNVMMEGLHFLCTIPVIVVFLFVYGMTPSLSWVWGIPLIAIGQVIFTFGLINIGW	1
MDSAKDSGREMLAAINGVPHALTWNIGTTGFDDYQAFLVGTGMNTGIGALKAQQDPLLIGAGPDDHFAPREIGGSVYRDDIAGGFHREGQGVHPVSRKIELLFKQI	1
MISFIHQQHQRDRPLLTMRGQPVGKDPNLMREMPVRIEQRQRSTRRRKVRQNFHQLPEIHHRHAVARRGDAAEGYHQSLIDITPDRVLQELNELLAEKTEHEEA	1
MIKALICNFQLDIAAVEAQWDVDFASYFAEDLKLLAPSIVAASYRSSGIACNTPVVMAKTNGKPSQVCIMISAVLRVPASRTLSPMSARVPRTVWLSGQVAFSWTQYVGADCILIANDSVPGDELRSGMLKALEKRPVSADDVEMAVNHIKTHLRGTGEREVASKMIGNLVMEQLKKLDKVAYIRFASVYRSFEDIKEFGEEIARLQD	1
MSNLLLLVLAVVLLFTSLFLACPMLEKEEK	1
MENTLGAIDVWINNAISLIAAGLSSTVVGTLAGQVVMQGFIRFHIPLWFRRAITMLPSFVVILLGLDPLMGLLADIARPALQRHPAAAGEAASSPRWPYRRARGCLLLHASAN	1
MANHMHFTAGHRGYHRYWLAEHHNMVGIASAATSVLIGYLAANTTTLHLGSGGVMLPNHSPLVIAEQFGTLNTLYPGRIDLGLGRAPGSDVQVGDILLFGTVDTWLIWSAF	1
MELDIDERYNHIPDTSSLAIRTSGLLGEQYLALNVGFEDPDLGTTILKDGGTIQDTKSAMVLEDLIGQFLYNSKGGDNQGLRQHHADPLGEEHGQPVREVQGVTQPLNAMHKDRD	1
MARDFFQGAMMLEQFNVYRNCSAQTNKTLPYYMIVQNDYYTDLATRVIIPLMRPQQLPRWHQHAVPRINIEFDSFLLCTPMSSNLNNKRIPPQDFVCNLSHARQGVIGAASFNADCAQTLERTQST	1
MASKIARYFPLQSHRHDDIGCGLRGRILNLHAIYLESDAPVARNEIKPEHFKNWVTWAKANKLGLDFNPSCFSHPLSADSRPRRRSSGLRCLSR	1
MVVIALVNRYVLVPRMSASGSQAESLILRTTQAEIGRIERHQHNKERHDGKEGAHRILAMVKPEIQQQVIVTIKNRHSGFLRS	1
MPHGGQKLSGYGKDMSMYGLEDYTVVRHVMVKHS	1
MLIMTTVTANNVLEGQLIGDWLEMATPVNIPGTSTESYRPGRESIT	1
MAAEEIKELCADHNIELDLVQCRVNEIETYMDGADLICTTARVERTFGDIPVVHGMPFVSGVGIEALQQKILGILAE	1
MFSEIMRYILDLGPTVMLPIVIIIFSKLLGMKLGKGDG	1
MVGAGKADGAMDAGNMLKPALARGELHCVGATTLDEYRQYIEKDAALERRFQKVFVAEPSVEDTIAILRGLKERYELHHHVQITDPAIVAAATLSHRYRFCFSFLR	1
MEATHFALLSATPWHSPLPASTQRWALVRSMSKTLGPDLRLAFIASDYHRPLVVAGFEPLDLLQGAVMLVEQTIAQRSDVENQYRRVVPDAGNPLACAVPFYGRQPPLKEVDKIKAPLLLHYAGLDSGINEGWPAYEQALKEHHKVYG	1
MLEGEEFTGTGKAGLHFIDDQQNDAKFRPAVAGVPVVLPLRAEDRLSQLVAHLQPVIAHIFGDIRVIIGVAHHIPGLHFHQPSKPGVDPVRQRQYAPGHAPCQADNHQRHAGRQQKEGNEILFFEHFFTIAWRQF	1
MVTAFRAGKALAGALELAGKTALVALIDRRIGPVVRHVLIAVIPHVFQRLEVMLDIRIFAVANESPIGQRRVRRFEIDLVVRVDLLLHVEVEAVGVVTFVGYPFHHAKLGGVETAEAIAQVFARRAVLFAHWPQRSGRGHYGGSERKQSVSPGLTRPACGYL	1
MIVYKAPKEQHVITVFTDITCGYCHKLHEQMSDYNALGITVRYLAFPRQGLQSQAANGNFLHAWPRCNCVR	1
MTLRAAQVHCFRLAEIKAGVSNIFQFATRGTYSGCDTLERRNASPSPNGVASLARVWALLRTPIRQRIGILGALRAAGGLWFGWSGENLPLVRGK	1
MTDIESGESVSIPTDDINEPMVFSSAFARMQNGQVALV	1
MNNNPLIPESKLPALGTTIFTQMSALAQQRLMDALVTFFGQNILLIFVASAWCPGWI	1
MDRQSEGEPGADGVIDDTFRIQLMEEHLVQLHRAIADGANCFGVHQWTFIDNWCRQTSPVWYSISRRFRKMIWLSIVWMSHAQAIMACWQHYCCARCLMVCCSSGRRTKAMVILRISLVVPSMSVTMARIMVSPEWA	1
MPAEPRFVGQIGDGNTLVHAANHPLARQPQEHLQLPVSNHPKIRQMVTMMAEDPARWQTPLPIARTTTSAARRGDPGVAWRTGQPYQPCLGQRLNIGKQRGNRQYGIDNTGIACLQPNLLVKPDREQGAG	1
MQQAKRLMGARIHRHLRHQQPLFQAADGFNASNIKFDNSSIVNTQETNTPTLAINNGFIALSVDISNHPFAAVT	1
MVIPALVVIHALVARFQPGGVHVVPEIHRPDDGAVVFAVVGIIFAVVVVMESQQVFDLRLLGELMAALEAGVDRGDVEISQQTIHHVIADQVEQAILRRFPGSDVIIHQELDAAEAVDQKGFTIEVTQRISQASMTQRAGRAGAWGALSGRCHTAHCRGGDSGAGCRV	1
MSDEEAQGLRVTLSPGLQPVAEICYARIGQLFSVAGELIAPCDATAGLHGPGFCHVGHIHHQSRRHLEGVKPCIRLLNHLPGNAQCGIALIARPMLRRVRHAASSMPG	1
MAQRGVFRPQPANDASGEFLALQNVSFDIVEGETISLIGHSGCGKSTLLNLIAGFVPYQHGSITLEGQRVAGPGAERGVVFQNEGLLPWRNVQDNVALGLQLAILSIAVNDIIDCRLR	1
MKDGDSYQWATLNLRLIQEVTQNFALAWEGSYQYMDLQPEVSRVKMVLVADEVGKGGSWSANAGVMTA	1
MAEVNGEVVQVGTPDEILNNPANDYVRTFFRGRAIS	1
MGLARENASAIVGIFAGILHGLDNPQLPLQEEVEGNGLEQEGLPFPMPVKLPFTMGMPMLGGPISTAGNVLFIGATADNYLRAYNMSNGEKLWEARLPAGGQATPMTYEVNGKQYVVISAGGHGSFGTKMGDYIVAYALPDDAK	1
MYLCGFGAEWLFASIFTYFVIFVLQHDPAMVAGLNSLNSILQLISTALFIGVRYWLVGAA	1
MPLPEDMDLWPTVDIFVPTYNEDLNVVKNTIYASQGIDWPKDKLNIWILDDGGRDIPGHATRHLCLSEAGRTLAVGSLVRTAQ	1
MLRFCRKLQCEGYSEFRVRFKLYLEQNEPQQANIGASEIMSFFKSVNNDEFDELLEQAVDIILASERIIFVQ	1
MLMITSFANPRVAQAFVDRAAKIVGAVKTTGVRPITNVVMMGMGEPLLAVAAVAIQRRDLCQNRPGSG	1
MRNHGLSPRSPEMTYPAMAQDLLEKAEAEEQLRQENDKKLLGQVLEIYDQKYVAELLRKVGKNEWSRETLNRWINGKCSPKTLTLAEEELLRKMLPEAPAPKEAPISAPLPCCSITRPTRPIATIRKTTKRASYIINLFLADSPHTKCFDQ	1
MSALLLVIGLGWGFGFAPADYQQGESYRIMYLHVPTAMWSMGLYLAMVLVIGVAGFSSGSLRKRASSSIIPPHCR	1
MHNTEPVQQFAKQGDIAFAGETVAVQRDLNIHAAPFGAVPFQQLTLRIPRFTLRVRGGAVIQDAAVERHHHTDRMLSDRFRIVRIDVENRRLHHFTDVGAVRR	1
MEPISITDNPIFRLVNFLMSFFLNNFVTNLALVLNLVPLSSPGNLG	1
MLTVRNLTRQGVFHDVSFSVRRGEILGVAGLVSEEEYAQQVEYVRLFLAGAKLWQFIAIIGIIRYYTREAGVRSLEREISKLCRKAVKQLLLDKSLKHIEINGENLHDYLGVQRFDYGRADSENRVGQVTALFIADVSRRRSPRYL	1
MLRGIGRLDMGLATVGILLTLWVVPNSHNHVLNRESGMVKGVCAGIAQHLDVPVKLVRLITVLAMIFETYQPGTTTGERIKHQGEEIGTILEGEIVLTINGQSYHLVAGQSYAINTGIPHSFSNTSAGICRIISAHTPTTF	1
MRSVSLKWCGSCFSNPARNTREKLLLPLSDIKPLQQPGVYVAVMNPAGRYSYSNAATLFTDAQHVILAFTAPREGMQAEVGEAVLPEEGQRRRVALYPNAMVFPRWVPREPFLKNDIANFSRPDGIAFRQGLCKRLRRLAEGLRRSR	1
MPPVFTQRTARGEQGRLHLGYVSSAMYDSKLPGLLRRLRADWQWVIPLPESIDLVVDANAVAYNSSDVKDITAEEAHSGDDGDERHAPPLLVYRRPRARSLSAAVN	1
MRAAPIFPEYTVSWIEKEIDDLADRPGAGFSVSEENTPKILIQRAVV	1
MATPTFDTIEAQASYGIGLQVGQQLSESGLQGLGGGGHFRRPLATGSEHPAPGQSARAPS	1
MNPRLILAVLTWKTTHALEPSKPLAHDEKPITIEVGVVCRTNQRVQLDKPLPWFSNLTASGEAFDQMLHSLLQGGDFTHIQPFQRLGGDPLAVAQDGYFIAQLENFFHFMRDIDDTAAAIFQLTDDLKQMVDLFFRQR	1
MFHLGMTAAFQNVQVGIGHQGGDFDNAIALRIQPCHLKIDPNEVVFICTHAIFHPSRVTIFI	1
MLQEAADKSNPLIERMRFLGIYSNNLDEFYKVRFAELKRRIIISEEQGSTAHSRHLLGKIQARVLKADQEFDSLYNELLLEMARNPNVKIFWPADDKERYYRIVWFDQALNTLEHKLGDFATLDAWQQFTPSGPRAFLPLGILLILAMPLLAFGEFIFTQSNWLLVALMGQNLYDTRYFR	1
MDKTEVTIWCFAPKGESDQARALRIRQYEDFFNVSGMGTPDDLEEFSACQRGYQLLIACWMLWRPLSPWRSTYSVRSSINC	1
MKSPEGCFAYSLSFGSCSFCAAKKPVGCGVHNLVVPLSFRCLIFVRQPAMLLKRRAFDQKSRPESLMVIV	1
MKACRSGVRRCHLISYQENGALLQELQRMVTLIQTRNRERGPVAI	1
MTAIDSAPSSVPSANIGAKMPPGAPEEKQISVVTTRAIKINSSSSQIGV	1
MDVKSIPGAGAAGGMGAALMASYGFSLDVREPLNRFSVAMQRMNQAIDEVLSK	1
MLTFSLDHDLDAIPGYDHEEPAKAFPPLFDLITGLLEASLPSRVIALEMTRPDGQTWKANLHDIRLREEADLYLSVRSDIPAWQVAEKFPALCQAGSPDECAASAGPA	1
MGTFVAEPGVRAVVIKPTLTGSLQKVQRWLQPSEIFK	1
MVVGGLLDKTVRLPGLANLWVPPIRNRIDMLPYHQLGRKKYERLDIQEEFGISKAEMGYVFSAFAWLYTLCQIPGGWFLDRVGSRLTYFIAIFGR	1
MMAPLTRQQLRQKRRILNISPVVAAGVGKQDIDIDMLTQRLQIALRLAAAEDGFYQMHCCITLLL	1
MQQVIGGDVDKSVQLLIALQPCQQVDIVAPQFPPGGEQRVADILFPGVIKQPRRLLGVAKQG	1
MRAGVRRIGMVFQQYNLWPQWFPMEARHLYYEASAMIIGLINLGHMLEARARQRSSKALEKGIASLVEAFIAAGRPSSRDQHIDDRRAGYIASAVLAGETETRVRVEDITLEGMHFRVVSPPTADGLLPTLIYYHGGCFVSGGFTTHDNQLGGAVS	1
MVACGILMLLMFIVGFAMSAGPLIWVLCSEIQPLKGRDFGITCSTTTNWVSNMIIGATFLTLLDAIGAAGTLGGAWLRRHPRWYHHLSHPCRGAAPPRLAAA	1
MLFFIARHHIPQNTLAGEAHRGAVELIKQQDMLGRTAVFAAEATAFVMTEPRVAAAPPVVRGFHLLAAKHHLHAGAAEAGGDKRLHPRQGDAVDQRLAFPCLKQRPDVAAQRLGKGGIGGDTIEDVA	1
MKIAAEIPHAHRLAPKYSSADSELRPPRSSHSLGVSTPWAYSPIT	1
MERRQCFSSSRPANGIAQVKNGQIQVSDNAWHIAIIRKFNYVWNCWRSRAA	1
MPALVGQGQRFTIQQQARRYRRERRHWHGGIASRQRIRLGDKMRFIK	1
MLKRQLSTIGYSVAVESGAGKLASFDDEAFAEYLHEKVRKVYWGYAANENLSNEELIRENYQGIRPAPGYPACPEHTEKGTIWQLLDVEAHTGMKLTESFAMWPGASVSGWYFSHPDSKYFAVAQILDERRYLVEQLRAGSTDQAVRDQFNNVKKDLGYGLLLKRYTPNVADAGA	1
MCFRFWHQLPVNSIASSEPVSVTLIQLFRCAFFRTGIHFGDQ	1
MALAWLLQNPVVTAPLIGPRTVEQLQQALHATTVTLSDDTMSCLDEIWPGPGGLARLQQRHQIAVMYTLKFKGQQA	1
MQTAAVLPTGVFACHCGCKQAYSASRQTGIITVHLGP	1
MAEEGDVYDALTDKYLAIGCSCISPNDQRLLKKLKTDMLSTIEYAPIWIIMAVALALGIGTMIGCEWFSTISSISSTVRKRG	1
MYQPDFPPVPFRLGLYPVVDSVAWIERLLKAGVRTLQLRIKDRRESDRALRGGRG	1
MATPEGFARDPALVQAFYNARRRQLQSPEITPNAAHLALARLEDLLGDHFLMRIGRAVVHK	1
MATRIVDLDRFKHINDTWGHEEGDRALIAIADSWPGQARTLFGDHERFEQTYFSTFKNMYFSGDGARRDEDGYYWITGRVDDVLNVSGHRLGTAEIESALVSHPKIAEAAVVGIPHNIKGQAIYAYVTLNHGEEPTPELYAEVRNWVRKEIGPLATPMPGLVSRPSKGGGVMTVVCAPTDAEP	1
MFEAVDDPGSNKRRTQIDRQPRPAGAELHLAWHAFTLEVTDHGAQHFVIFFQIDI	1
MQKPLEEETITVEEALKDFQRKLAELEKAEEELEALLIKEGFEV	1
MVEHKHKIGFKGTLLIEALQIHCRQMVVFLQQIHIKGRLGVQERALSAQQDGEADDGNGMNRAVAHRDIRRLVRRNGGAKRLHSAKVIQRNTARQRYRPHRRLEAGIADYWFKYVGLNGAIVGMTTFGESAPAEQLFNFSYRLEQRQVAKVGIKGQLAFTLAGLGVTDF	1
MMLAAHMDFVPDDLQRLARFWGTERLAQTPGLTAVELFAALNPPFEQIHSQ	1
MGRFGACMLLKDKVAIITGAASARGLGFATAKLFAENGAKVVIIDLNGEASKTAIVTGAAI	1
MRVNMGEPNFEPSQVPFRAGSGSVWGLYVIKR	1
MAKRKADVAFEFFHKLNVPYYCFHDVDIFLVDVTKLGSIVFHRLNVQLLREFLVYPANRIVGKIINCAGNHISPIGEM	1
MNYDKLEFVETVEELAAMHNLEVPYEAGNGPSQIERHQRQNLYQLLDGLNAFYQQSLMQPAADPAAAPAAYCATQPPEMMEMAKRKADVAFEFFHKLNVPYYCFHDVDIFLVDVTKLGSIVFHRLNVQLLREFLVYPANRIVGKIINCAGNHISPIGEM	1
MAERIRGDPIALFVEHQTRADFDDGERIVGPRTAQAQRGLNKLFESFWPVEGEGQRVSLHRAAAQQTGQQRILPGHLANHQG	1
MKDDLVELAVVESFPTKIEGRQMIMVLAPKKKQ	1
MQSLNHGIGFNTAYIVQGALLFVPFHGLWDIALHQRDLGRARRQQLIPLDIAQRELTRRRKRV	1
MTFVYTRRESFVMPMNITEFCSKLPTAHFFRCHRSYCVNLSKIREIEPWFNNTYVLRLRDLEFQVPVSRSKVKEFRQLMIETERQAARFRAGEIVAADAGIQPLHAVEDQTVDRVAGGERQTTENIIIKLGEGVGGGVLHLGRAGGVWHS	1
MIYGIFNFLTGEAVSVNFFANECQSHICTCFFIQ	1
MQRRVNSAIRRKLAVHQIAAAATGQRQEQQEQEAAELLGLTYHQLRALLKKHQI	1
MRLIIASCRVLSLSFDLSIEGIAAALGGGTDRMQQAVARQCQKIN	1
MLLLSNVFVMGFDGFVNCQGVDEIIGWTNRPG	1
MVNQMLLLSNVFVMGFDGFVNCQGVDEIIGWTNRPG	1
MHLVRETYQRLFNKTPNIQIIHAGLECGLFKKPYPEMDMVSIGPPGEEG	1
MNKCKIYALGDDYPDPELFSHARIMLSDIEIDCTKENRDIFFMESLSANGLRKTSFMVVCTKNSEMNYKACQNYKRID	1
MRRVIFFVFILIVISVCLFLFSIDNNAWDPFRCNTHLSADVAKKNGDRIEFNININVVAFHKENSEVIVKGTLQDKDKSYSIYRRIFIPQKPSPLKDYFFPRCQRNVPHYWRCNVLYDEYCDVLDNPVSNAYLSLFQPVHSRRR	1
MGHIERVIFAVVTQLITGFGQLQRQLLFVNIAQVHTARLKENGKEVVIKVIRPDIPVILTDTGCIVLHVQCAGDYLQINGQRLIDSLYALGEHGALPGGGEGHHACRKRHRSR	1
MRIVTLSLFDTLNTAFGIEDDVIEFHVGQTAFLVAGGGVSAAVGFAHIKIVIVIDGVFGKRDALLRRLAAHHVRQVHTGNR	1
MGTVELLTREGEIDMHCDYCGNHYIFNAMDMIPNSLADKNLEKINIPNSWQPILDSCEKATHLTFVKRVILS	1
MQTGAQPLSALRIVHHRVTEVISIFVLECKWSSPTAAPAFRSGILMTAQGDMVGVEPGDLQSQSRSEALKRIGKSREIRRNIGQLFILLPVCHGFARQ	1
MDLNFDLYPGITDGPLLHQYVDIAVLGKFDGVAHEVGHNLLLIGPPGTGKTMLASRLPGLLPPLSNQEALESAPGQGTDFYRANGAGVRNPSPVSCPSAGRRLVRRPKHGKLPFHY	1
MRCRYCCCKNPIVSSASLPKSAALALWVGKPGDQNSGIFVSINANLTPYILYSARQNDFSGIALAIDHTAISTFSNRLVDPEPVLLQEYQRLISEENPCLGWRGMFVIGAAPVLKVIPSLPRSTIWISR	1
MLANAFPVFDTGPAQRIDAQRQAGFLDCGHIDDMVNGILWLLDNDLRGPFNMVSPYPVHNEQFAHALAAQSDEDSIIVSANRTHRTVAEMAQTTWVIEGQEIEQQVQGGKEYNTVDMSPQRLFNKRQRALR	1
MCAAALPVVKILPDTLTVKRVLPHQHFAKKSIHHERAHDFRRRKRKTLRRHAQ	1
MITIEIAASAIGIHTAVIMIPSMALALIAAQKNYRLILVVPDKMSREKIDGWLQHLGASDKFDASKGIDWGVMPGPFYTPELGLGIGTAVVGLYRPDPQDTTSQNSNSP	1
MQRVTLTLDDDLLAADDLRQPLAVLVGQHVQVVVRQFISNYRSRSN	1
MIFESAEGAAAAAPAQEEKKEAAPAAEPHARNYPEGGYIRRLRQEGKRIALVPTKGNLHDGHMKLVDEAKRLLGRYQVLAAKQNRSVQQSIKLIISPITTAGIAAPCNPQKTFAASINSATSAGMAPIKENLAAAIVMRSGW	1
MAVSAPPAIAASRSQALFEAIRQYMDIHYAEPLSRESVAQAFYLSPNYLSHLFQKCGPMGFNEYLNHIRLEQARMLLKGHDMKVKDIAHAVEAADRAFDAWSQTTPKTRAECLLKLADTLAEHREAHVQPDLYADRGYITAQ	1
MPEESYLYALPYSLYKEHGVRRYGAPAEKLPPGIR	1
MAFLIVVLRIPDMLATLASLFVIQGVAMTYSYGGSITENMVLPSGEMAEGTIPAAFGASIT	1
MEGKVHLVQRLKALGLESAEHNPYANILVTTPALANDPRIKALAKPAAISLTRALTRCCTSLLTEPCGWRWTANGRKPCRRKPASSPRC	1
MELTTAASPATFCAISAITVKVVITLNFSCAEAGVYLISPFVGRIYDWYQARKKLGFQIAQHRKARRYAAARFADRFTGVTTEVMESVSE	1
MAPAVAAVLWIFLFNPGRGLITPASKMENSVIMASDWRAAIWIMPA	1
MDLDEADNAEVNRHIAAQTALGRVGLPDGRSALLRFQDPRVQVRLATMLNDLQHQKLTGLMQEWLTRVDGKVWSFKQREFIC	1
MLKLSEEQCAGVEKMEDDDGQPIHTYLAEAQLNTLLRYMLQAGTTEHPGALIRTLAAQSIAGFSEAQLHRLSHQPLRYLPPQGSKPKC	1
MFYLSDLLLHVIGFG	1
MARDLGGDQGVYRAGGQTTQALQRLINRAVERGMRLQYVDEANLAGHSHLAKGLHLVVFTA	1
MVDSFLHQAGMTAGLERVVLVPGNHGERFVREQMGIDPQMVVTMAGGADMAQAGDALAIDLGVTLLIKGGQHGLHGKVFRQRIETGDDNRHHFIALAAHGALKQADDL	1
MTVFRDGQFIADPEVLLWRQSDRPRFPLAYNDLFARYVSGKDIPQSYAMAYPFGICGILLIADEVQTGFARTGKLFAMQHYEVKPDLFKDVVNKFMSHESMNMSKPEGEHAAHDGMEGMDMSHAETAH	1
MIVEIEQMDLAVGVVADLGHGFFCVGEEFIAAVEDGDRLHAIQCCLDAERRCRAAGAEYGHLLADDIEDGGKDDGEDVSDGQNSDSG	1
MVNLRQGDRARAVAAAGIAGLHAIAEVVVFQQGAVQARADAAEVVKHRRRELNQGWRGVIH	1
MIGGLILGIAEALSSAYLSTEYKDVVSFALLILVLLVMPTGILGRPEVEKV	1
MKPMQIAMALLSAVRQGGRGEDAADDNPGEQMPRLRLQAYLDGHVIGADLIEQIVEFIEKPDEPQTLDSDLMAVGRYVLSAYKDNAAVHHHARAADPPRPLCPRRAHHQRDPGGCESVAGPRRRQQDPYRRRLPDPHVRLLVHAR	1
MACHFSRQPRQQVAVFIAFTDGFDDRFNALVAGAYFFLVIPLPGHVFVVTNVITQLALEIDAGNTDEIDEEFIEEAKNSRKGS	1
MEPHRVVDGGDLHAGLKETNAVRLQRHRQEVVLNVRPGEFCAAADKTARAGAFGVRWVENCVRSADNGACWVDFR	1
MFLIILIKSLIIGGLVVTALSPSRFAVSGPAAGLEIPTMLGAEDSRPTSPDGTHMAPIMSFTADEIWGYLPGEMALAEGEETRVLHATQELVSLGLATPMSLSAGSPSLNPSTGCQPVCVTKRAITKRIIPR	1
MEQDVIVALAIDALPGELQVGDVLVWYPVAGAFAAAVIIVPQHPDPCAQDSVIHGKPAGAQRMHYQGMKAVDPQRMSRNAGDTGQGTRVKPVFGQRQQTLSHLRANAEDLAEARANGLSEAMLDRLALTPAGSLPCTWLRYSSTRDRAQ	1
MGMRVWILFSRLHVRMRVNPEHTEFVSELIEQVGERRQRIAK	1
MYGINLKYRYEQDNNPLGVIGSFTYTEKDNNSNGTYNKGQYYGITAGPAYRLNDWASIYGVVGVGYGKFQNNNYPHKSDMSDYGFSYGAGLQFNPIENVALDFSYEQSRIRNVDVGTWIAGVGYRF	1
MMPGEDGLTLCRQLRANPQQDIPVLMLTARTDDSDRILGLEMGADDYLIKPFVARELQEEMGIIARPACAHSPDRRHWRSPRTASIPRRSRSRSVRRNLREFLAG	1
MYPGADAETVQNGGWYQNFLTTKKTDVHNYFAGDAWGIEYFAGYKFPINQYAVKSIQPYFMGDRLPMPHKFAIGMVLCSGAFLVLPLGAKFASDAAPRCAGCLILLRLPLCSPCGEGHVCSL	1
MAGRIDYDIEKYQFTEAAANKVKHLIADEPTTALDVTVQAQILKLLKALGANLVLTEGAKGMKGAIQKAEEDHPFRATLRRHQQRADDEDQNGVGGGGAFIHPAVKPA	1
MTREFLQSQLTEEEREIFMVIFLDNQNRVLKHSRLFSGTLSHVEVHPREIVREAIKVNAAAVTWAIINPELTPSCDLKSIEPVPVRTATRSPLTV	1
MVEIRDADTLSKDPADGRKVKGVIHWVSAALPVGNGDTPGCNDYRAVPSPFGRGPGCGATLRRSLNPITITALPFSLFLHDG	1
MSVLVFPFVIALMVLALYLIPQWNGAALDVSGGFCRHL	1
MIAFLPGSGDWGSQRDALAFEQAAIAVIMMMAGNLHLSSLGFIFGSWELVLGPGNPPTLAVLAWQWSLLFGITGAIVCASKLAFMGWGLGIRELDYTGFSGHSALSAAASNVPCSTTRRCGG	1
MQYYPPLRRVNSNGVQQNQLSGLLEMLFHTIPRPINIDAKRANRVVEIKMLVMAVPQKVRMQIIRHGVG	1
MVYISLARATPLHLIVKRDLAPIDEQVATLLAPWQTQLTTVRVFEDEPLPTPDNQTIAVLTGSWAMVTDRLAWSERTADWIRQAVAIDMPAGPSEVLVIASIVFGMMI	1
MVQKNGGQYPYELRVSDYDGYNQFLVHRSSQPLMYQKIKKHPTPRKIYADKLEQEILDNAWLTAPADQNILFRTPIADRWRDALENFDVIDPCRQGQLNQNTVDGLIDKLARQLTKHKDKLKQH	1
MRINSIIRPRRTMLPLESHLQSCPQQAICSLRIDNLDFLSRHYGLMMGVDCKRQIIRALQPLLGAADKVDGGDKAKTEQFMTQFLKNVEVFDTGGRGATTTFAPVLRGEGVFNHRPIIRNMRSSYFVNAAEGIHKKTNTRMKMIQKPIPSPPVSISAATITSQVRYG	1
MRIRDDLPLWPLGQQGEILTTLIAEVPLVYIDRHYRQGAVEIDQIDVVQPPAGPPMLGRAGYPNLWMNLGQGSPLRS	1
MPLEKRLVYRNIFYCAQKTTFFKIQHVLHPLRVAKPVG	1
MAASSLFEMLTFSFSGELPLDSATTESLRAATHDVLAGLTAREAKVLRIADYPGLLVWRTVAMLIPVSGARTGLVTMCIGVGQGIALIIERV	1
MALARKMGVTRAVNVAKENLNDVMPELGMTEGFDVGLEMSGAPPAFRSMLDTMNHGGRIAMLGIPPSDMSIDWTKVIFKGLFIKGIYGREMFETWYKMAALIQSGLDLSPIITHRFGIDDFQKGFDAMRSGQSGKVVLSWD	1
MKLSRLALLSLFALTSSPVWADGVVTVYSADGLHDGDNSWYQSQFAAFTKATGIKVQYVEGGSGAIVERLAKERTNPQADVLVTVPPFIQRAAAAANINALPAMQLIQRLRPAAAVFCTLFQECDKSTPHPLKISCTLVSGKGLPKPRGPDKFR	1
MDPLDWLDRYYHRLDYLHFKDVDPQVYQRAIHEGIDFFTACAEGVMCPLGSGAIDYPAIKDFLARRGYQGWITIEQERDPRHAAGSLQAVSGYPVSDSLRDDIPGAARASSSIRCSGLPSIDTSPLLPSSRPFPARRFYTA	1
MVSPQLTTVEQPSRAIGRTAVSLLMKRIDDPDAAVERVMGFCTPEEVQKFLDGAPMVERGMVESGIILLKYWLEVSPQEQERRLRDRIDDEQGFNRVNGGVDVLDFVHHRFVNVQTTGGIQATGNYPGKARNAEELRADLEQALRKLR	1
MQVAGDRFRLATLFRAGVGARIVVIQDHTATLYNEGGIDMAALTAWQAVKNAEVKPGSSVAIFGAGMVLGREGPMVQLGGNIGRMVLDVFRMRSPEARHTLLATVRAMA	1
MIHSWLNRMLLRTGDGHAAECGFNTFGKTERQRLWGS	1
MAIFPELGGYKDAFAFLFLILVLLFRPVGIMGDERLERSRF	1
MHQCPVLTIRCVFTRIRECNGDDAKFQDFVNQAISQKYGLEIANPVGPVGAYLPGTWPSLDGINVFKANDIIVEMLRECGALLHVEKLQHADGANYLLIKNNWQAAAKNNGLTNYSSTGR	1
MPRQAPGHRMNTKANFDTPRPQLLGNGIPPELVQIFAARIFQQIGLNQRLQRRYRPWLNSYQRTDYLNDLIFIDLWMNNWSGHYFWRRPASYF	1
MEEPSYWGIRHVLAMNDVRAEPLTVDEKRLRRAIDPEIQAKHAVAVVEAQPVGITQALQPAHRLRSG	1
MTDLPANDARLASGHQLVQPLAQGSNLLVNQRRVIAGEFDDIEQLKMLGFANDNFIARLQALQALFREISQLETKASSIRWISSVLPPRSTTENTTATLISVAFFSTAAAICWAAACLPKR	1
MFFNQRPDGTAILLKNRLPLIHQAVLAHCPTLSGVQDAILQNPYACQFSESWLPRCPADARLTPETENLINAHHFALMKRSAIIVNTARSGLINEKEMIDALRSGQIMGAALDTFDDEPLPETGR	1
MTLMGVSYFWQLVIKGAVIIIAVLIDKYRTRHHQSA	1
MAYWQEKAKNNATWFFDAGDYFTGPYISSLTKGKAIIDIMNTMSYDAVTIGFKRIRFSSQVRCCCYAL	1
MVMESSIPSTKGDKMEAIGPAENASPISNDIS	1
MFHLPSAIFISYYGQADIRRRRLSSFRHSKVKRRSETAAASSLGTMKSNLHFDSDYVNLLAGNDRWPLAFWRGIFAPTPSDFVVNPQVDPVLERGRYLVEGLVPTRKHQFAQALNFEIAKTLNAEIVFVMSQGTDTPEQLNERIELTRNSFGGAKNTAQRREVKSADIARHLLHRDPAKAPDQR	1
MNMITTRTWFCSAYITNTNLSYANFSKVVLEKCELWENRWMGAQVLGATFSGSDLSGGEFSTFDWRAANFTHCDLTNSELGDLDIRGVDLQGVKLDNYQASLLMERLGIAVIG	1
MTTSSACCAAIVLVLTGVLNQKETFNSFETLTVFMLAFMMPLGAALNSTGAGEMIARAVISVTGNSGVIVIMASLWILTWALTQVMSNTAACTLLCPVGWTIAQSIGADPRAVVIAIFIASSVAVCTPMAIPANSMIIGPGNVKFKDFLKPGLAISFVCFIVSMILLPVFYPFY	1
MVTATILAIFFVAINAARMAMRRTSEPRVSLDKVIETDPASISASLRSSAFAPVVFSFSWIHGIAKLFIYQ	1
MAHQHDKLEAVGVQDPVQADRAVAEGQYAGTIYQHQWWLKQVVDANGFALSTTVPVFQWAFGIYSDRYSSVQA	1
MLSLALVAITRDPYITIILISIGGFGHQIISCMLSALEAVLNYLRFTTTQGAAMQGCSMCRI	1
MAVGVLQRRAILQIDNLLHLQHLFLRTEVDRAGRTGFHAGRLLADADPIHAQGAFIDPVILFIEARDVKRTPRNAVAAADAVFLLEIDDGHMRHIEHPCIAAP	1
MGRHLVMHHHQQIKVHLMLMEQVNAAQRRRPGRPAAFIRTMVVLQRFVAFEALALLLDLRVEQCLLSLQQHLLGRA	1
MLGLLLWLSRPESSNSAQVIEALGANIQRVKGE	1
MAVAPIIATALETQPWVIWPSRYHDPVTHEFIDRTQMMRQKKIDK	1
MRMETRASRVKTLVKPEAKNPVHTSHEISPVVAKKPTM	1
MTIQNPYSLLNRSFEVGLAEGEGVLEEVDVVAFGTAFIQTLVRPARFFTGDGRVRHTFGNV	1
MDQKGLRAQSLKEIKGVQWIPDWGQARIESMVANRPDWCISRQRTWGVPMSLFVHKETHELHPRTLELMEEVAKRVEVDGIQAWWDLDSRDILGDDAERRLLR	1
MVVEQLEESRQRLSRLVDKLEEMRERDLKLNVQLKDNIAQLNQEIGEREKAEAERETGERPVTEADNKQALTKLFLETRPETTPKLIGDVVEQIDKIVKATRFDGWQRLPAVRAREPACALTVWKIHRSLKSISIRRKLRRWAARRFSLRAATVRRGIVPDARCRAGRSIISL	1
MDVDDTVFIQRPKMDGLFRQSRKFAHLNIGAAHQVDVLQRGEETDEERHSLVRTPLFFVVRHNALQLSY	1
MLNEFDQYLHERYLSGKARKDRWYWNNSIQRGRSTAVRENWQWKPAVAYCRYADDFVLIVKGTKAQAEAIREECRGVLEGSLKLRLNMDKTKITHVNDGFIFLGHRIIRKRSRYGEMRVVSTIPQ	1
MPTVRVVLRFIPQQQPGDQARIVFDDAKRMIKLAPKTLGRLFGSNKLNIHQERTGSKFEPVASDANNLDGLNIHCGIVETTRISP	1
MWPGSQAAAEEFSASFKGTDIQEFINTLNTYAIRSHCLRAYGII	1
MPYVTIKPVQVRQNQAAAKIKALAEINHWPGIPGRPIPSTIASAVAFLASDEASYITGETLHVNIGELLLRDLHQRQPNSLPVLEMLEAAWE	1
MRLLADHPFTLNFSLTTVAVSDEPVAAKQLNLTPPQVANGDGVSEDVALFFRKGALRRPQTLGRITSLI	1
MLAEIGGDIAQIVRATVKADVPRPLRMGDGLPVAAQGGAIKSWDVRQKIGSFALRQSLADQIAAQERYLASLNITLQRATALYRHRFDFRHPA	1
MMTGFDRLSYQSRWLQVAPERKFLLNSPWQPQSCAVFAGAGRNVSVTFLPVCKPTPVA	1
MDGIGNGLGYGATSDGADMVAPSGEGAVRCMQMAMHGVDTPIDYLNSHGTSTPVGDVKELGAIREVFGDNSPAISATKAMTGHSLGAAVIFYILGYARGRQRRDDRV	1
MDSLGGTGIFTAILVAIYSTELYAFLKRHNITIRLFLIIFTQAFLVFFNNIFIIFCCTYFFFRSVNR	1
MVKAARGNRKEMIQKILSEIEGRLQEAGIPCIVITRPAPLVTGDELLQSQADFTARLTR	1
MPKVMLSRTDSYRQLLDALFWFGSQRVAADIRGAELVIHNASFDIGFMDYEFSKLNRGIGKTETFCKITDSLALARKHSWDDFVTNGVVRRVQGDRQRNVDHIAEFIYRQLL	1
MLRVAGRFRVQLTELLQFRQRQIVDATAQFLRQFAKNAHQRTTPFARDQRIQRDPG	1
MVKGENAQLRLKHRHLQNIVALFLTAGEANASVELTPNMAGPAFDALEKYKKDGTLPEKLAVVHDKQVRMANMCVVGGFAVGAHAETHGLPRLFAKQFSQPLRIVSTSVTQLGITAPRPRPVRKRMACHGVVCGSTSFTSPTACIARRDSSSMPMALSSI	1
MVASGTVRFGFFTIPVLTAADSTPTKAHRQSRILLITAWLSVVLEVTERAMIDKEKSMANFAWLHRQGFEIAIDDFGTGHSALNMWSGLVFSITFLFSALVYGSTVATSPSTGCDLCVNELCMLKTVCYNGTSRGQRVFD	1
MGQRIGVVISKIPVMQSGLKVIFNENLPDYELSFCRSHDELTLLQLRRAVLVVADISGEILPPTYRSTGWPVALIFSACPVARR	1
MQVAELIAAGAREIAERLERQQLQGIYRRHRKPNHRPAIVFANDQIAEQGNQQHPAQGDFARLLAPDSAGQVLQLQTIIL	1
MHLNPLHTIKLIPGLLVAIWLATISLTLFASLDKQNFYDLISKNRYGTTLFAYRMEKNCQKHNGQP	1
MPGTLVFWNLSTMMYPLSLVLTPVAARLKLSVAGSRPIAQIRQSTVWLRPVTNQMLSPRFTCIAISWRATSFGMLNSSQPLFIFSQIQLSVSNIDTTGNNVNMLSRLIIMKNIATKMCIIKTHTGHIVVGYGCPLCF	1
MIALMTDVLLFDLGGVAGTVLNVQIFSTTLRTADGKVVVVPNGKIIAGNIRPVVSGLGLSLVRVFTAGAART	1
MTRLRFVVKDDEQVDSSTLKGLAGATGGRNSPLSQSQGAANEVYAATGAVVIAGQ	1
MRQLEQSLSLVNSELAINEKLAKTGAASNVEVLRLRQQAADIELKKIDLNTRYYVDAREQLSKANADVASLAEVIKGRADSVARLTVRSPVQGIVKQFNWYPGIDDAAAIAAALVTFSGGNEACRD	1
MIVRIAEQNVIHSPLWQLFRTRYGLQAQPALTLLDYLQPQKRLQFIKLLKREAMTRDIPVVMLTARGEEEDRVRGLETGADDYITKPFSPKELVAQNHAKYCALGLEADIFAAGLQRAQGALLVSE	1
MIRANQLEFSGDEIEEGMSYYDEESLSLCGVEDFLQVVAAYREFMQQR	1
MVLHDLNLAALWADRILLLTLCNVCPGFIRTHPAIRQRVDPLFARQSFGHN	1
MGEWNHPYSRELAPLKNLARTLRLRARIVLLPLRHNLRRGERF	1
MLDPVDGTTNFVKRLPHFSVSIAVRIKGRTEVAVVYDPMRNELFTATRGQGAQLFRGSGGLQLRGDRVFENRFVTD	1
MAFNSAGLGLVHALAHQPGATHNLPHGVCNAILLPHVMRFNAEATGEKYRDIARAIRSAVCCSPCSIPCCRPCSRPCFNPC	1
MLQHHLAVVVDIADHRPQPGGELVRPGAIAFAKHLLPGRGIEYYQGPGLFAGVYDLFNSRKIVLQLNQNHIRAADSGNAAGDFIIGHRHIRAGIDGNHVFGIVTGEDPRERTMEQRVLNERQLDKHTDDIQGDRVQVPEPVALLRVA	1
MTNYYLTKEKDNVESVFAVNGFGFAGRGQNTGIAFVSLKDWSQRPGEENKVEAITARAMGYFSQIKDAMVFAFNLPAIVELGTATGFDHE	1
MAAQASNFSRSDASPVHRRSGTPLVRIARHLDTAAMSIGALSPEAHESLAFVRSYHPSLSAAADAGV	1
MMGAESVTVRSDNVTELDDVLLLETEGETALALAFEDRRYLYRDFHLRVQRAMAQLDRGWSLRKGDQSLTLKPGESAFVAASESPVQVSGRGLIFNVASAGTKWRARSSICASSRALRVPYTSSGRSTARPGGTHPDRRRVCLTDKKAHQFQRIIE	1
MGQGDWEGMESRRLFADERVNKLFSRGRGAGAPLHDPCTFAWLLKPEIFTTIERWVGVETEGKYTQGMTVVDYYHLTGNRPNTTLMLESFDVHVPKGYIYFAMFFSIAVESLNLLRNKKNPL	1
MPSAVGYQPTLTEADLADEQKVTRWVNTLVSELNEKDPLQKAYVAANGHFINQDPYQYFTISESAEQELIKATNELHLMYLHATDKVMKDDNLLALFDIPVHRLRLPAVHLPSAPV	1
MSLSNYSTVGSLMGNLMRGSMMVEGRIAQRRVEGVIFDVDQTAHLRQAGDIQPRFGNKRQRPFRTG	1
MLTIASTIPGMNMEVFVLLMVTSLGVISGVLIGQLMVSKLPTDLMSVLPWVTGLAQTPAGETFIKAWEAKYQQPTHTWGAMAAETGNAPPWTRCSFPSAASFFQTSLPGLAFPASLTSAPAVRNTILQRI	1
MATIVDKGLLQQLTQHLIQTLHIGHHLIVGRRARLEALHATVQLTQRRLHIGGQLLH	1
MVRVQALVHASAEFADIGHRLQRHIGGLLRQRVDIALSMAEPFAERGDQFTVILSNLVHHFASGGVNVFPSQLEEELGIEIFIRRERRIVAGISLMRDVTGPIRNMVNTVDRIRRGQLDSRVEGFMLGELDMLKCHAGDQVRMVRLIPEEKTA	1
MGSVVYAGTGNYWLSVGITFAIFVLTLLAADLTAPYLQKNYNLKGISFPHLTCIAYVPFGIACNYIIDKIPLINKINFDPESINKKFSSFHNKRVYR	1
MRGAQGLRFAAGLGAAAVADVALFQRRNTDLFSDAAHRFFQRLTLLCNLRDDFHC	1
MINVCAAFALISLLSVRFGWF	1
MTFYVNYTTININRNGCQFTFSEQFFKDFKINVSKHLGCLEVEVS	1
MSRQLVLQNSPMDEIETVLGFCQHFYRAWHQFFAATRIYSRLF	1
MAVKGIKDHQNIKVYAHMKLSINLFSLLYLSAIIKASE	1
MSEINPCMTCGACCAYFRVSFYWAEADDAGGLVPSALTEHLDTMAERFKDAGYNTLMAGKWHLGFVPGATPKDRAENLMIVDLMRNDIGRVAAGEPLLAQWITPDPAP	1
MVIMLIIMKYLEVRGILDVIVRWVAPLLKPFGLTGMSAFALIQINFRYRSQCLELFAHQFSLFAQKFISAPLAVAEAAG	1
MRSTAKSFYQRYFSATQEASWLNLQFHRVPQMGRDLLPGAVPQAIIVGGVDGLFTFAVRNRQTAAGGAVDRRQPLCGLGVLFPAGGTDDDSNLESLCWPCHRTKTGRERFK	1
MVRFIEDLVAHLHPVRQILLAVDLAHQRLKGVIINKFRHFMLRLSGIIGIRIFCSGGRASRMLAGRPRVSGPNIKKSPSRTGKYSSKQAASNIVLPKG	1
MVSMTIEQAAQTERLADKMLQQVFALLSRHDIVPNDVQEQMLTSHVRAMAHRSISGEPLPEVDASLFEEISEDSMMLAREVVAQFGNLPDEEAWLLSVHFEVAKDNL	1
MEQITVVIGEVGKNLQQAGGDQPHLVTVPVRGDGIDIVDGYRIDHYHPHAAVRRALMPHRGQ	1
MTRLSFEQLQKLVSDEWQRNNTDLLSGYQGNQSHSSPL	1
MAIWVDADACPNVIKEILFRAAERTQTPLTLVLLSFGIASFIFSGKPGTGKNHLAVQQPIINAHEFNHEILPVGQRMVVLLED	1
MANLYGKNSDTQVLPSLTFQYDLTPRLMTYLQYQRGA	1
MRQTCDYDDHDNPLSCELQVVDESSLDHLRGQLTAFGDYIRRVKA	1
MTPTVAQPQPAAPQQAYTRELIAAIPQVSSRLAQAHTENA	1
MINPSEVGKAGEMVRLKTLEAIWIQGKLRMASL	1
MSLNMFWFLPTHGDGRYLGTTEGGRPVDLPYLQQVDRLAVFLAVSGKAAEVVVEGGMDHRVGIKDHKDAMRSFP	1
MESPHLTLGQQGVNIMEFCKAFNANGALTARAVVSQRQRAQRIDVHT	1
MTPRGEISWVDAEQSEDEIIISTPETLTLNGGGSYLRLSKNGIEHGSSGEFIMKTSDYLVPGSGANLPNETPNFSLTDITQESKISSTALAPATTAGKPTPPSAKKISSTTGNG	1
MVNDDGVLTCRISSTLSLNFAGWAVPRNRPYSPGCS	1
MAMNPQANVGAFVVVTRSPLTRFNNMSDGINDLVSELSGAQPNMQTASQ	1
MPIISGLAAIFTGVILSFIWPPIGSAIQTFSQWAAYQNPVVAFGIYGFIERCLVPFGLHHIWNVPFQMQIGVMVETPAFMPVGTYGTVKGMTPEEVEATGAQPGGELYPEALSKPGGVADSYVKMMRHNVELIANVYYPQAARQLGDYLAQVLLSCHLAYSHKFTDSLQRRRLQRAA	1
MRNEKNHLLIIALHLVNDRFPLGAQVADDGEQVSHLAFGQRRGGLIEKQHVVVDIEI	1
MKWQQRVRVATGLSCWQIMLHLLVVAVLVMGWMSGALVRGIDADHVQ	1
MTRFSTPEEAGRARMRVWLVTASGSDWPMREGFLSQGTGLTATISPSRLSTCQVPQCITV	1
MLVQFNDSIGRPHFSESMIFDPDDSIADFFNVTHIVANKQYRHASFLKISDGLNTFSLKSDITYCQNFINN	1
MFLHSENGLLGMGPKPQPGEEDPELINAGKGEDRYLEAGEKAGDAVGAEAFQ	1
MWLFIGTFALAFLAALMLVWLDDRIAETD	1
MTGSPKRIDPALDVNVTQGCAPPKSGAQQRRYREAARYMVKTSRVREVISCA	1
MRSRTCQLDVAHALTTHFSLGHFNAALLTDHTAVFQALVLTAQALIIFYRPKDTGAEKAVTLRSIAVTLIVGTRTAIPVAPISF	1
MHIIGDVAGRDCVMVDDMIDTNNKGLVYMTRVQKERLDPSEYANVKAQFVLRAADLEGARANMKVLHPLPRIDEITTDVDKTPHAWYFQQAGNGIFARRDTINVQKLIGATGIAVRVPTINVTAIDLSVTAFSAPVSLGR	1
MVIPAGTVARVRPNALIDVEMLTFDGPADVEGDHQAFFNQQIAKVLTSEVFYQFTHLIIRLI	1
MYDSEALREKGVAIVQRLRDAVDFLDAVWWLNEALDRGINVVAAILQQDKARQEALDRFDFQDLMEEKIKLLQMPEAPNPGRIYR	1
MQDRQRPRLRVDSLAGGVGIAAEFRQHIGPGFNVVDHAVVPAIVQRPAVGKLQAGKAYNFTLIPAGDEWKLALTGNPQVKFLHCLPAFHDDQTTLGKQIVSGKYVPGSALPASAAA	1
MQKLTPGANKANAILIVEFARSRREEGLAVYMIVKEGEGFKTWMSPQFRTFLVGEKN	1
MAIGEQLEAGLTREQLQRLLPAGAARNAIDCALWDLQARREGKTLAQLLGVALPDRVITAQTVVIGTPDQMAASAAAPSSASVSACSATSPR	1
MDITLAGTLNVDPMKLTQYGISLGEVKSALDASNQEAGGSSVELAEAEYMVRASGYLQTLDDFKNIVLKTGDNGVPVYLGDVALHALTDALLGAAALAAI	1
MGLVIAVLGMFAETRMALIAQAELIISPDTSVVHMAAAKSSSLSSPRSC	1
MVVHNVEVHDIRTRRGDFADIAGFHAAVGFRREEFKLLICIEK	2
MVVHNVEVHDIRTRRGDFADIAGFHAAVGFRREEFKLLICIEK	2
MSSSCIEEVSVPNDDWYRIAAELLGRAGIEINGSAPSDLRVKNPLFFKRVLQESDISRPALGAVLEGK	1
MIRRDPVGVVASIAPWNYPLMMAFFHRYPQVDVCLRLEDRPLDFIDDGIANKA	1
MNALRSGIQSYAARSGDTASLVNMANTSSLEKQRLAQATMGHQALRTLPLMQTVIMGIMIGMFPIMVMAAGPGGKDIFLLSPDDGAKPGQQVK	1
MLVRSYNRNQQSLVRQHDELSIQSTRFPVSELPNKAFLLAMLDMFPHTGHLESMVLFERRLT	1
MLFIRPTIIRDRDEYRQASSGQYTAFKAALADARDRPDYDVPVHLRNAPTKLMKEDRDANFIQQHIDPPVAVVDTMDLQRLFEDIANGVTGMQRSVGVLKYHLHLTAALAANFMP	1
MVIRRAGDVIPQVVGQVELVRASNSRRVLRGVAMHFAIDHQLRGARLHQLQGFTHFAG	1
MRQQRHARFNTKASHAFRRHQGDLQRFAAWMEGKMGRFVVLGMEKGLNQPALLFGLFSAREGADFDKLMQITDTTLRLWPQVLES	1
MAMNGTITTWFKDKGFGFIKDENGESFQNFARRGFTLDITEADRQALTEGCVDYIGFSYYMSFATKATEDNPLLDYDETTSLVSNPYVKKSDWGWRNMPN	1
MQPALEHPATHRRHRMVAHPGLIQQLLTDEQISLIDHVDQLLPIQAVNQAADHRIAGANGTDHFH	1
MSCRSSLKPPMLKTAFCCCSWLSEGKPANIFYSCYIVGRNYFTPSPTTPEGRAQNRRVEISLVPQKDACLAPGTANTSGAETNGLKSETE	1
MIPRHSQQSRDLAQVGKADGKDQQQGCIRHDL	1
MEKEGKGLIDPGETVDEAANRELKEEIDLATNQLACFSTSGAEAHTVYNVVQTTFQQSQQVFTGVAFQTCCFFIVVTELTLQHTVHTANFLLFTQLHTIVRQTRLTRTVLARSLFNFTLGIDRANARLKE	1
MIVIERRLLVIHRLRAAGGPDVFDGAALLILLRPPKLQVVFIGKPGELRYHHDHVLDDMRALAAAGAAQVTVWVTGARFQPRL	1
MLAPELLAQHTRHRNGVHTVLERLVEDISYDASEMNGQTVTIDAEYVSKHLDVLVADEDLSRFIL	1
MPRFAASTFIAFLIMSAYSLIIKLYHKASGMGAFVWSGYEPCHFQRGRHHVIFFLHMSIAAAFTARSRASCLLKPST	1
MDVDWLIAERPGKVKTLKQHPRKNKTAINIEYMKASIRARAVTTQQPCNLTLCIQYT	1
MNLHQQRLGVGRFDIWSSTLIIIGYAIPAFLFAILRERLYPTRFTI	1
MQIGRRQIAAEAATEQFSRVIRHLLNIAPQLDARTRPCNFIPHLKK	1
MVRAMSSASQPISIARPISPSSSRATASSEKEEKFQNADFSASMPSIIIARVVACIST	1
MKVLCGIYPHGSYEGEIIFAGKRAVGVEWLEGESTIPSKATANKEVLLCAGAIAKKYLAAKFGIVIRGCLTQIPIAIAEGLLTVMIYDQLTKRRLIAAEGH	1
MRRIVLHQRIANSIHHCQRGEAFAVIADRFQHDINRFQELLAVQVFQYRQIDTRAAFGDFRTHPVEAFLQQQGVVDREVSIPGGHIAFAGDGNKCLNLLKFHWHDIYSLNKRFLHFPLSPQNYSL	1
MEAAVLQRRGFESQPLMVRFFSDFRRIVRLIQACLQRLQRRVGGPHEGAARILFLRLDRIHDRFVRRHLVVVLRLGYQQAFRRLAGD	1
MPELTIVVQVSQVHIDNRAREGGRQGGGAPGQQREKQ	1
MAKGVVETSLNVGVVTMTDDNVQIHCLIRSLIDSGKDYVVSMLVTIATVVYWLNPPGNPGVDMACMIIIGFLIYGPVMLIGLHALELAPKKAWTAVAMKTATHELATTVQPGGSFGTEGIRAFLNFNMLPVHV	1
MSSVATTPAKPPSNAGSQWVSHLLQDLTLACLTDEAFIALFRPLLPLLRDCDPSELTPDRCFAPRPAPSTSW	1
MIDLNLKAVFFLSQAVARQFIRQGEGGKIINIASMLPNCITGVTASSASRCSPSSQRSDT	1
MLCWAIYCSTCIMVAGAIKGLNEEQGNRLRTNGG	1
MSDNGDPDNFAGTLLSCDNIQTGSNAAAVVRHAECSVLVVR	1
MHELVPLPLFNHQANISRAQATASNSRPQDEARGAYPGYMQRYFRDNGIIIKDSLLNVNNIISLVVGTFPLDPTVSKTADILTILTAT	1
MICSRHGGVAVAVHPGAMFDALRARFPKIVGPRKDDICYATTNRQEAVRALAEHVQPLFSTAMAFPPTASDEASSGQATGQDYSRWNDVWLTLRGQYGARSTRSDPHDEASSVMYIAAPVIAATLPLREVFIEETECFIL	1
MARTIGNEGDQIAIVRHALRQVTQDPAADAGCRDHRKQDPHQEYCAEGYRNTDLLPQLTVPAGVASGHALKHVLVQSGLSVPLANLHHPFEVEQSLLNGAAEGAETIFRQRTPIR	1
MRISRQTLEYQAQIADIRVKLEPRIIQVMGIAQRFTDRVHQRVVHDLHRQGYLGSAGHLDALFQAVTKAAARLIVRLLVIDVVACQLDHPNPHILRQLDHYGLHWDGDVLWQSQRHEAYREALTVARLSIRV	1
MDVILDIVGGPYFNRNLGLLKKDGRLVIIGFMGGRIAHEVDIQTLMLKRATVSASR	1
MVPDLSRVAEQLEGLEDCPEDLYLIEGDPDHPVNRGHLDMLTAIQAVLAYHVDRYCIKI	1
MLSTVTMMSVLSVPLLIGVGTPTMLTVDMAFRVNSYGDYAVANALGVVSLVRIKNGTMRKGDKIKVMSTGQVYNADRLGIFTPKQVDRTELKCGEVGWLVCAIKDILGAPVGDTLTVSTPNNLFAIELSDLCATEPHDSDIDRCLWLSAEEILNAPNLRSPLVTSRVVPRYIRPPHSA	1
MVTKPFNFEGKKRMAFAEQGITELSKHVDSLITIPNDKLLKVLGRGISLLDAFGAANDVLKGAVQGIAELITRPGLMNVDFADVRTVMSEMGYAMMGSGVASGEDRAEEAAEMAISSPLNLNIRSNVGNGSYSCRFRASGS	1
MILQDSRALLGQNETVVNGLVSPTGTPGMVKIRMPGNDKNMSHSQRYS	1
MSGLVNHRIQLRVVKTGTPALEVGQARLIAVIRVIDQRAQAGGQHRFIERDGQPNGRDGESINAGVVQTLWIVVVDHIAGGKLRGYGGIHFLAVAQRGKDGAVRAGMNRLHKADVRQHRLLMRG	1
MRALFDDQIHDSRAWFMYAALGTREMWTGYFRYRMIYFSERCSKPLSPLVLAGTPLAREATLAITLSAVIALSPCRPVVRLLGFLYRLPLSKTNLAALFVITFIFAPKHGLLASRRRAREAAC	1
MAATGLLKGLLALGLTLLMVRLLNKKVNPVWLIFALFGLGIIGNALGFLS	1
MLPLFTDGKDFAAEFMTDNNGPGGHIIWHLFMIGTLIGLFP	1
MTPRVETSASPGPFTTQPMIETSIGVMIVTSLLLFEHVHAESRDRGQAMVD	1
MPELQQSGYQMSANQAGTTSKQDLHTTSLTWLATPAHGHGHRVGIAQRMKFINLHFSICDPVMFA	1
MEEQRNLPPMVMSNEFAPELELDLTMGSNQMLLDMLEEAARTVGVVSAQGATTLDGLEAKLAAKAEAAGATGYSITSANTNNKLSGTAVIYK	1
MLENGQPATFEASAIDIALPARNADGTQDLKFAISNIDGRVSEAIDKILDEMKSATLTFRRYISSDLSAPASSPLLSRSPRLTNKEADVKQDLALIEHDIRYR	1
MISLVRDSGPLDVLVVNAGIALFGDALEQDSDAIDRLFRIKLAGTSRSTPLFCSGHYINP	1
MQVPMTKKPTMIHSGLTFLRSSHIQAKVNSSGTMVPFSAFATSRWETGSPRLERYNGYSAVEIVGEAAPGISTGTAMDMMEKLAAQLPTGFGLEWTAMSYQERLSGADGRGRAGKSRCGGYRNGSGESA	1
MLEKLIMSGAFDRLGPHRAAQRNEPLNNLNENKIILTSYCW	1
MMQRLNKMFDGIITMNALSSLPELLKAQITHFFEHYKDLEKGKWVKVDGWDNAEAAMVKRGLILLSSV	1
MDIGFEAWIVGADFAQHLQELQHRTALFGDHLTRHHQRDAQLGGNALVIMETRLDIPTALIRRIQHYVNLSQIRGWPGNGPQLLNNRRSRCLLELAPCLAYQMPAFQRSLARSTPVTIYAWWKW	1
MENATVLNIAALTYRYIVDVAANGHQRPDADVIGNSDIADDNAGCVNHDAKTDLWEKCFVGAQLSRHIDLKIRERKKTLVAFISLCNP	1
MDGTYKKINPFALTDPNVDIVSESLQPSRYVLTNNVGIAGGLAILQLPIAQYPTIAPPAVAISATYPGADAQTVQDTVTQVIEQNMNGIDNLMYMFSQSSATGADVAASAGLGKLNRTQELLQQLQIVQL	1
MSFSEGDCTKYQESAALPELAACKGRSRSLSLDLYAQWRCMEDNHGKWRFTSPVKSKADVDKLPIPESARLKPTPVARMRAASLTVC	1
MAKSVPAIFLDRDGTINVDHGYVHEIDNFEFIDGVIDAMRELKEMGYGQEMDEGVSPLAVFATGRWALFLGGTS	1
MAASSEARIINICDMPVAIEGLFADILGLPSRKALNVRYYGLNHFGWWTSITDKAGRGVGNGVRAKHERKEQQVAFIRRR	1
MLGQCVVGATIVGHWPTAGYHFEASKGLADDDHFVPWWVTLARHNLEKEAPDGVATEMLDEGLTRRDLTTLDFVTIDSASTEDMDDQIGAQRAGNSEEAAHAAGDCRPRAVAGRPRRGQPANPEVAV	1
MNNGGDQHPEQDAQHPIPQLGEVRQRSKPAEKGQRLPPGADKRFGKIFSVVSVIEGLKQEGKPNVIIANTTKGAGISFIQGRPEWHHRVPKGEEIALALEELKDE	1
MFASKDKRIAFVTGHPEYDANTLASEYFRDVEAGLNPEIPHNYFPQNDPQNKPRATWRSHGNLLFLRQHLGHHGEIMQILFQRRAFWRKWVWKHLMAGITVLAMSSAAVGKKATVSKPSSPSSQALRAVDSTPMLVEMPQRMMVSIPRRRS	1
MKVIKGLVLLCLMMLAGCQSEEETSQFLLACKYDAPATIAAMLDNGIDVDGQDKQRFGNLRNLRRL	1
MPHNLAGEGPRGGAPVEIAWPQKRNSSPRDILISLRLNFADFATAFTEVIDFVPYEDNLKQQARERNKAYRMAGFNLNTATWK	1
MEKTYNPQDFEQPLYEHWEKQGYLVRSTSPYDKRIRLLTLTADAQVTQRKRPRGRATRLELFSSPVHITQSTPS	1
MTRQTDHADIVGKVFAAELRGKYLALTAQESNMVQHLKQLSASGVTHIELLPGITHQQVCEAIQPIGRGPIIAFSGSCGRPWPCEG	1
MLQAPQTLGEDAVLIHIDSGTDKLVHMAVVADPQVNRLLTPADDYVRYRITLGS	1
MAKGNAVGIADRAGNGKPRLQRRRGVLGRFLRIHIQLAVRETVAHAGKGVRDKAQARQALLLLQLAAELLMAAIEAPTGVGKTLSLVLARQQKGFGAMLSFELDGDEQTLRRLSGGNARRHPVRYPSGGLRYSSPE	1
MTDAVKLALAPGMQRAVNQAEVAQDVADFVDRISKLVPPDPGITLLSLLAISSAQRRLRHLRQLIVTGNDPSEHASLLSQRIM	1
MTKKRSCGRAQKPESKVSVGAIPQETMRHFDESCLGSVAALQPIEIKALREQLNVSQPVFARYLNTSVSTVQKWETGAKRPSGMSLKLLSVVQKHGLKILL	1
MRQSFTLADIVADCAGEDLQDQGGGFRQSLDKTDNYHAGAEGA	1
MGDLVRGGAQRLKDQFARQFGFRIQAVHHMFGMLRHLAQGFRAVQMLAANNEPYFIVIKNRHFRIHFIIGIIALNIISIH	1
MTIKELLIEADAIQVGVVESDWQRVMARETND	1
MFGSRSGLFEDFLGSDFFRIGDDATPVAADTDVNHVGDRFVREYTDPDLTLTLNCTGHSTTCCFDLTCSQTTTANSFQTESAEANIRTLRQTTVAAFVHFTEFCTLWL	1
MLSRSRWGKFRPWILFGAIPFGLVCVLMPPFASCRDICPKLVVLLVPQL	1
MSPFLRAYFSRLSWTGEPDVSIDTLRELHLQHNSAIPFENLDVLLPRENFRKIRRGNRWGLPFNFLLFSVVTVVSRRKPHFSEISVSAKEFAGLPVRLAMYSTIGRTMRGNCAESTRQL	1
MLSSLSLLMSQGKTVFLLGKYMLQILIPIFQKWTYQKQKCFQKLILNGMV	1
MVRKGMKESDCSRAIMVAHNATFDHSFTMTAAERASYITPVPGGVGPMTVATTAITTPRITIRRSTAAPLARSACGRC	1
MQGIVFADGPALRVMRVNPVKSQRFIDTIYATGFTDSMDSNV	1
MCKTGPEAILELEHMDDAALACGLVGGALTATAAPAVPPGRGWFTGYQPYGGWFFRPRSWFYCFACRQYFPDASGTEGTAYQCHARGSPPGSADGARFTYYVGYATSAAVIATGAPKPAAPFH	1
MRKIYNRFNRNGLSPGFTFPIWGFLANTDISYDPQKIDAQTCMAWMDNYRAGPRLS	1
MVKAGEMIVVPRGVEHKTSAETEAKLMLIEPRGVLNTGHEGGERTAVNDVWI	1
MLIYNRELIVGSGAFAVDQGAFGILFRLIDAERREKLVQQIAVG	1
MLINAIGTYSASQPLESMAITRRDPGPQDVQIAIAKLREVMDTLS	1
MYRVGNMATVFAQMHGNAVGAGLFGNESRLNRIRVSGAASVTQGRDMVNIDP	1
MSARKTTFTDGGQFGLGAEVAVSTQKLHARGPMGLEALTTYKWIGFGDDTIRV	1
MKARDIKPAVISAMALPRNGAGTSATTSRSRIAANSTITSEKPTAAAKPYSADCRKLWPRLIFSSATPSTAQLVVISGRKIPSRR	1
MLVAQAAHAVLLWHGVLPAIVSDWQPEVKLDLDTASTQLAEAQKREREVMLRAKADEDNLRYADVTEGTRQSVLPSLLTFWMANLPEHPQWKIAPCGLRVWLPTISWMKSSMSSAKRLTPEKLATAKFSSLNCSGW	1
MIAPILDEIAEEYQGKLTVAKLNIDQNPGTAPKYGIRGIPTLLLFKNGEVAATKVGALSKGQLKEFLDANLA	1
MSEWQSVQHYTREEVQALFRLTRKYADSLQKSSPPRCEKT	1
MNPYRYDIQTLERKARAVRRHIVRLNANSPAGGHTGADLSQVELLTALYFRVLNVAPDRLDDPQRASITFRDVAKRYGDHQVLNAIVIAIEASAGKVKMSA	1
MLRGPFSALYGNSSGGVMISVLLRVGLSKCSVVVVTSLSRVSTCSLSPTRTGIGLLAFGP	1
MATLQLVADGGADIVKVKASLFLRHLRIEHHLEQQGEQKRHRAADWPGADLKY	1
MVLEYGKPLFSGLMAEAIQHPDVISAYLGEANYA	1
MLNARELKVFYGVIQGLKGVDIERRFTPQLAAELESSIISRTVIEKF	1
MLLYKSPLSKTAQKRLQVLRDSNDGFVIAQKDLEIRGPGELLGTRQTGNAEFKVADLLRDQAIHFFDLLRFPLNAANARGILFFNTSYFLRLC	1
MRDHALADISIAEAIADIIAGGRLAVIPFVGGDQDMVSGDDLAVDFHGVGIDKARLPVMNIIFSDHVQHR	1
METNAKARQIRNAEGLVPHYTFYLASRKFADTYPESHPEGGLCTFRADIEVSTCGVISPLKALNYLIHQLLAIGVNRLAGRNSATIRPNTPRARA	1
MIPLNGRAEIQRRSSSSGLIGRPPRITPAGFWYEKFIASQSAAA	1
MVLRGEYFADQVIDVGFRADVDAARRFVEDQQANLFIQQLRRQVNHALFIAGRPAFIRAGFDHRSGDNFLAFVCLAAVQHAQIMGKQV	1
MKYLLIFLLVLAIFVISVTLGAQNDQQVTFNYLLAQGEFRISTLLASAICAIPAIVLKRRWDY	1
MEVDFHSGVTFDPQPALQQAGRMKIGQPFDVDLARRVVDMIFAADHFTKEGIADIRDDHEDRSRFVALHIASERLR	1
MTFSGSCSSATIRITPYTAAAPHMSYFISSMPSAGLMEIPPESKVRPWAWCGVCQVSRCINLLQRCHDWAMTEETAFPVS	1
MVPLLVSSTLLFYIGSLVVVALYLIAQMVGAGKLIQLLFGLNYHVAVVLVTLGKYLFPVRSEATPCKASK	1
MAEEQQPQRDIYRPADAGSDLRERHQAHAVAGGQQRLRIGYTADAQIDTQGIRELTTTSTPYKE	1
MKALRQKFGIDEKFTHVDTFNPGWDPTFIAERLELEI	1
MDAISWQLLIEGAWTTLWISAIAIAFGVVAGLLMVTQRLGRGQPCGRQLRTRGEEIAAILQRLIQVNAPLVGVTHIVRRHVVGGFADQVFKQIAVGLQVILKPRARPTPTWTSMPERTLDFEF	1
MRVVQHIARLNRHHILLRFHSQRFFQSGDVVHQFHW	1
MKKTLTAVLLTTGLILGGAQSASAGIIVTNPTELAKQVEQLQQMAQQIPACTAWII	1
MAIFNLPMHLFLSWPLDRELINHVTHGMVIKSLRSKGKSIEISFKAKGLTPRYVFESDSTFQIIQAVQAGICCAIC	1
MSQFEKDTGCQVNVKTAATSDEMVSLMAKGGYDLGQQVAQIDNFIAAKVDMIILNAQTRK	1
